ID,可装备附魔,可宠物附魔,备注,有效,说明,阶段,道具类型,品质,附加价格,力量强度,体质强度,精准强度,敏捷强度,智力强度,必杀,攻击速度,伤害,防御,命中,闪躲,水攻,火攻,毒攻,水防,火防,毒防,hp,mp,爆击率,爆击伤害,力量,敏捷,体质,精准,智力,吸血,吸魔,比率吸魔,移动速度,伤害吸收,杀怪经验获得率,杀怪金钱获得率,装备后技能,备注
1,0,0,,1,,1,1,0,1,0.8,,,,,,,,,,,,,,,,,,,,,,,,,,,,,,,,,,
2,0,0,,1,,1,1,0,1,,0.8,,,,,,,,,,,,,,,,,,,,,,,,,,,,,,,,,
3,0,0,,1,,1,1,0,1,,,0.8,,,,,,,,,,,,,,,,,,,,,,,,,,,,,,,,
4,0,0,,1,,1,1,0,1,,,,0.8,,,,,,,,,,,,,,,,,,,,,,,,,,,,,,,
5,0,0,,1,,1,1,0,1.5,0.5,0.5,,,,,,,,,,,,,,,,,,,,,,,,,,,,,,,,,
6,0,0,,1,,1,1,0,1.5,0.5,,0.5,,,,,,,,,,,,,,,,,,,,,,,,,,,,,,,,
7,0,0,,1,,1,1,0,1.5,0.5,,,0.5,,,,,,,,,,,,,,,,,,,,,,,,,,,,,,,
8,0,0,,1,,1,1,0,1.5,,0.5,,0.5,,,,,,,,,,,,,,,,,,,,,,,,,,,,,,,
51,0,0,,1,,1,1,10,1.5,1.25,1.25,,,,,,,,,,,,,,,,,,,,,,,,,,,,,,,,,
52,0,0,,1,,1,1,10,1.5,1.75,,,,,,,,,,,,,,,,,,,,,,,,,,,,,,,,,,
53,0,0,,1,,1,1,10,1.5,,1.75,,,,,,,,,,,,,,,,,,,,,,,,,,,,,,,,,
101,0,0,普攻,1,,1,1,11,1.5,,,,,,20,25,,,,,,,,,,,,,,,,,,,,,,,,,,,,
102,0,0,高伤害,1,,1,1,11,1.5,,,,,,,,20,,,,,,,,,,,,,,,,,,,,,,,,,,,
103,0,0,火焰刀,1,,1,1,11,1.5,,,,,,,,,,,,,150,,,,,,,,,,,,,,,,,,,,,,
151,0,0,,1,,1,1,20,2,1.5,1.5,,,,,,,,,,,,,,,,,,,,,,,,,,,,,,,,,
152,0,0,,1,,1,1,20,2,2,,,,,,,,,,,,,,,,,,,,,,,,,,,,,,,,,,
153,0,0,,1,,1,1,20,2,,2,,,,,,,,,,,,,,,,,,,,,,,,,,,,,,,,,
201,0,0,,1,,1,1,21,2,,,,,,25,20,25,,,,,,,,,,,,,,,,,,,,,,,,,,,
202,0,0,,1,,1,1,21,2,,,,,,,,,,,,,,,,,,,,,60,,,,,,,,,,,,,,
203,0,0,,1,,1,1,21,2,,,,,,,,20,,,,,,,,,,,,,30,,,,,,,,,,,,,,
501,0,0,,1,,2,1,0,1,1.5,,,,,,,,,,,,,,,,,,,,,,,,,,,,,,,,,,
502,0,0,,1,,2,1,0,1,,1.5,,,,,,,,,,,,,,,,,,,,,,,,,,,,,,,,,
503,0,0,,1,,2,1,0,1,,,1.5,,,,,,,,,,,,,,,,,,,,,,,,,,,,,,,,
504,0,0,,1,,2,1,0,1,,,,1.5,,,,,,,,,,,,,,,,,,,,,,,,,,,,,,,
505,0,0,,1,,2,1,0,1.5,1,1,,,,,,,,,,,,,,,,,,,,,,,,,,,,,,,,,
506,0,0,,1,,2,1,0,1.5,1,,1,,,,,,,,,,,,,,,,,,,,,,,,,,,,,,,,
507,0,0,,1,,2,1,0,1.5,1,,,1,,,,,,,,,,,,,,,,,,,,,,,,,,,,,,,
508,0,0,,1,,2,1,0,1.5,,1,,1,,,,,,,,,,,,,,,,,,,,,,,,,,,,,,,
551,0,0,,1,,2,1,10,1.5,1.25,1.25,,,,,,,,,,,,,,,,,,,,,,,,,,,,,,,,,
552,0,0,,1,,2,1,10,1.5,1.75,,,,,,,,,,,,,,,,,,,,,,,,,,,,,,,,,,
553,0,0,,1,,2,1,10,1.5,,1.75,,,,,,,,,,,,,,,,,,,,,,,,,,,,,,,,,
601,0,0,,1,,2,1,11,1.5,,,,,,20,25,,,,,,,,,,,,,,,,,,,,,,,,,,,,
602,0,0,,1,,2,1,11,1.5,,,,,,,,20,,,,,,,,,,,,,,,,,,,,,,,,,,,
603,0,0,必杀斧,1,,2,1,11,1.5,,,,,,35,,10,,,,,,,,,,,,,,,,,,,,,,,,,,,
651,0,0,,1,,2,1,20,2,1.5,1.5,,,,,,,,,,,,,,,,,,,,,,,,,,,,,,,,,
652,0,0,,1,,2,1,20,2,2,,,,,,,,,,,,,,,,,,,,,,,,,,,,,,,,,,
653,0,0,,1,,2,1,20,2,,2,,,,,,,,,,,,,,,,,,,,,,,,,,,,,,,,,
701,0,0,,1,,2,1,21,2,,,,,,25,35,30,,,,,,,,,,,,,,,,,,,,,,,,,,,
702,0,0,,1,,2,1,21,2,,,,,,,,,,,,,,,,,,,,,100,,,,,,,,,,,,,,
703,0,0,,1,,2,1,21,2,,,,,,,,30,,,,,,,,,,,,,75,,,,,,,,,,,,,,
1001,0,0,,1,,3,1,0,1,1.5,,,,,,,,,,,,,,,,,,,,,,,,,,,,,,,,,,
1002,0,0,,1,,3,1,0,1,,1.5,,,,,,,,,,,,,,,,,,,,,,,,,,,,,,,,,
1003,0,0,,1,,3,1,0,1,,,1.5,,,,,,,,,,,,,,,,,,,,,,,,,,,,,,,,
1004,0,0,,1,,3,1,0,1,,,,1.5,,,,,,,,,,,,,,,,,,,,,,,,,,,,,,,
1005,0,0,,1,,3,1,0,1.5,1,1,,,,,,,,,,,,,,,,,,,,,,,,,,,,,,,,,
1006,0,0,,1,,3,1,0,1.5,,1,,1,,,,,,,,,,,,,,,,,,,,,,,,,,,,,,,
1051,0,0,,1,,3,1,10,1.5,,1.25,,1.25,,,,,,,,,,,,,,,,,,,,,,,,,,,,,,,
1052,0,0,,1,,3,1,10,1.5,,1.75,,,,,,,,,,,,,,,,,,,,,,,,,,,,,,,,,
1053,0,0,,1,,3,1,10,1.5,,,,1.75,,,,,,,,,,,,,,,,,,,,,,,,,,,,,,,
1101,0,0,远距离,1,,3,1,11,1.5,,,,,,,,,,,,,,,,,,,,,,,,,,,,,,,,,,,
1102,0,0,,1,,3,1,11,1.5,,,,,,,,20,,,,,,,,,,,,,,,,,,,,,,,,,,,
1103,0,0,,1,,3,1,11,1.5,,,,,,,,10,,,,,,,,,,,,,,,,,,,,,,,,,,,
1151,0,0,,1,,3,1,20,2,,1.5,,1.5,,,,,,,,,,,,,,,,,,,,,,,,,,,,,,,
1152,0,0,,1,,3,1,20,2,,2,,,,,,,,,,,,,,,,,,,,,,,,,,,,,,,,,
1153,0,0,,1,,3,1,20,2,,,,2,,,,,,,,,,,,,,,,,,,,,,,,,,,,,,,
1201,0,0,,1,,3,1,21,2,,,,,,,,20,,,,,,,,,,,,,50,,,,,,,,,,,,,,
1202,0,0,,1,,3,1,21,2,,,,,,,,,,,,,,,,,,,,,100,,,,,,,,,,,,,,
1203,0,0,,1,,3,1,21,2,,,,,,,,15,,,,,,,,,,,,,,,,,,,,,,,,,,,
1501,0,0,,1,,4,1,0,1,1.5,,,,,,,,,,,,,,,,,,,,,,,,,,,,,,,,,,
1502,0,0,,1,,4,1,0,1,,1.5,,,,,,,,,,,,,,,,,,,,,,,,,,,,,,,,,
1503,0,0,,1,,4,1,0,1,,,1.5,,,,,,,,,,,,,,,,,,,,,,,,,,,,,,,,
1504,0,0,,1,,4,1,0,1,,,,1.5,,,,,,,,,,,,,,,,,,,,,,,,,,,,,,,
1505,0,0,,1,,4,1,0,1.5,1,1,,,,,,,,,,,,,,,,,,,,,,,,,,,,,,,,,
1506,0,0,,1,,4,1,0,1.5,,1,,1,,,,,,,,,,,,,,,,,,,,,,,,,,,,,,,
1551,0,0,,1,,4,1,10,1.5,,1.25,,1.25,,,,,,,,,,,,,,,,,,,,,,,,,,,,,,,
1552,0,0,,1,,4,1,10,1.5,,1.75,,,,,,,,,,,,,,,,,,,,,,,,,,,,,,,,,
1553,0,0,,1,,4,1,10,1.5,,,,1.75,,,,,,,,,,,,,,,,,,,,,,,,,,,,,,,
1601,0,0,,1,,4,1,11,1.5,,,,,,20,25,,,,,,,,,,,,,,,,,,,,,,,,,,,,
1602,0,0,快速鞭,1,,4,1,11,1.5,,,,,,,50,,,,,,,,,,,,,,,,,,,,,,,,,,,,
1603,0,0,,1,,4,1,11,1.5,,,,,,,,20,,,,,,,,,,,,,,,,,,,,,,,,,,,
1651,0,0,,1,,4,1,20,2,,1.5,,1.5,,,,,,,,,,,,,,,,,,,,,,,,,,,,,,,
1652,0,0,,1,,4,1,20,2,,2,,,,,,,,,,,,,,,,,,,,,,,,,,,,,,,,,
1653,0,0,,1,,4,1,20,2,,,,2,,,,,,,,,,,,,,,,,,,,,,,,,,,,,,,
1701,0,0,,1,,4,1,21,2,,,,,,30,25,,,,,,,,,,,,,,,,,,,,,,,,,,,,
1702,0,0,,1,,4,1,21,2,,,,,,,50,10,,,,,,,,,,,,,50,,,,,,,,,,,,,,
1703,0,0,,1,,4,1,21,2,,,,,,,,20,,,,,,,,,,,,,100,,,,,,,,,,,,,,
2001,0,0,,1,,5,1,0,1,,1.5,,,,,,,,,,,,,,,,,,,,,,,,,,,,,,,,,
2002,0,0,,1,,5,1,0,1,,,1.5,,,,,,,,,,,,,,,,,,,,,,,,,,,,,,,,
2003,0,0,,1,,5,1,0,1,,,,1.5,,,,,,,,,,,,,,,,,,,,,,,,,,,,,,,
2004,0,0,,1,,5,1,0,1,,,,,1.5,,,,,,,,,,,,,,,,,,,,,,,,,,,,,,
2005,0,0,,1,,5,1,0,1.5,,1,,,1,,,,,,,,,,,,,,,,,,,,,,,,,,,,,,
2006,0,0,,1,,5,1,0,1.5,,1,1,,,,,,,,,,,,,,,,,,,,,,,,,,,,,,,,
2051,0,0,,1,,5,1,10,1.5,,1.25,,,1.25,,,,,,,,,,,,,,,,,,,,,,,,,,,,,,
2052,0,0,,1,,5,1,10,1.5,,1.75,,,,,,,,,,,,,,,,,,,,,,,,,,,,,,,,,
2053,0,0,,1,,5,1,10,1.5,,,,,1.75,,,,,,,,,,,,,,,,,,,,,,,,,,,,,,
2101,0,0,,1,,5,1,11,1.5,,,,,,,,,,,,10,,,,,,,,,,,,,,,,,,,,,,,
2102,0,0,,1,,5,1,11,1.5,,,,,,,,,,,,,10,,,,,,,,,,,,,,,,,,,,,,
2103,0,0,,1,,5,1,11,1.5,,,,,,,,,,,,,,10,,,,,,,,,,,,,,,,,,,,,
2151,0,0,,1,,5,1,20,2,,1.5,,,1.5,,,,,,,,,,,,,,,,,,,,,,,,,,,,,,
2152,0,0,,1,,5,1,20,2,,2,,,,,,,,,,,,,,,,,,,,,,,,,,,,,,,,,
2153,0,0,,1,,5,1,20,2,,,,,2,,,,,,,,,,,,,,,,,,,,,,,,,,,,,,
2201,0,0,,1,,5,1,21,2,,,,,,,,,,,,10,,,,,,,,,30,,,,,,,,,,,,,,
2202,0,0,,1,,5,1,21,2,,,,,,,,,,,,,10,,,,,,,,,,,,,,,,,,,,,,
2203,0,0,,1,,5,1,21,2,,,,,,,,,,,,,,10,,,,,,,,,,,,,,,,,,,,,
2501,0,0,,1,,6,1,0,1,,1,,,,,,,,,,,,,,,,,,,,,,,,,,,,,,,,,
2502,0,0,,1,,6,1,0,1,,,1,,,,,,,,,,,,,,,,,,,,,,,,,,,,,,,,
2503,0,0,,1,,6,1,0,1,,,,1,,,,,,,,,,,,,,,,,,,,,,,,,,,,,,,
2504,0,0,,1,,6,1,0,1,,,,,1,,,,,,,,,,,,,,,,,,,,,,,,,,,,,,
2551,0,0,,1,,6,1,10,1.5,,1.25,,,1.25,,,,,,,,,,,,,,,,,,,,,,,,,,,,,,
2552,0,0,,1,,6,1,10,1.5,,1.75,,,,,,,,,,,,,,,,,,,,,,,,,,,,,,,,,
2601,0,0,,1,,6,1,20,2,,1.5,,,1.5,,,,,,,,,,,,,,,,,,,,,,,,,,,,,,
2602,0,0,,1,,6,1,20,2,,2,,,,,,,,,,,,,,,,,,,,,,,,,,,,,,,,,
3001,0,0,,1,,7,1,0,1,,1.5,,,,,,,,,,,,,,,,,,,,,,,,,,,,,,,,,
3002,0,0,,1,,7,1,0,1,,,1.5,,,,,,,,,,,,,,,,,,,,,,,,,,,,,,,,
3003,0,0,,1,,7,1,0,1,,,,1.5,,,,,,,,,,,,,,,,,,,,,,,,,,,,,,,
3004,0,0,,1,,7,1,0,1,,,,,1.5,,,,,,,,,,,,,,,,,,,,,,,,,,,,,,
3005,0,0,,1,,7,1,0,1.5,,1,,,1,,,,,,,,,,,,,,,,,,,,,,,,,,,,,,
3006,0,0,,1,,7,1,0,1.5,,1,1,,,,,,,,,,,,,,,,,,,,,,,,,,,,,,,,
3051,0,0,,1,,7,1,10,1.5,,1.25,,,1.25,,,,,,,,,,,,,,,,,,,,,,,,,,,,,,
3052,0,0,,1,,7,1,10,1.5,,1.75,,,,,,,,,,,,,,,,,,,,,,,,,,,,,,,,,
3053,0,0,,1,,7,1,10,1.5,,,,,1.75,,,,,,,,,,,,,,,,,,,,,,,,,,,,,,
3101,0,0,,1,,7,1,11,1.5,,,,,,,,,,,,10,,,,,,,,,,,,,,,,,,,,,,,
3102,0,0,,1,,7,1,11,1.5,,,,,,,,,,,,,10,,,,,,,,,,,,,,,,,,,,,,
3103,0,0,,1,,7,1,11,1.5,,,,,,,,,,,,,,10,,,,,,,,,,,,,,,,,,,,,
3151,0,0,,1,,7,1,20,2,,1.5,,,1.5,,,,,,,,,,,,,,,,,,,,,,,,,,,,,,
3152,0,0,,1,,7,1,20,2,,2,,,,,,,,,,,,,,,,,,,,,,,,,,,,,,,,,
3153,0,0,,1,,7,1,20,2,,,,,2,,,,,,,,,,,,,,,,,,,,,,,,,,,,,,
3201,0,0,,1,,7,1,21,2,,,,,,,,,,,,10,,,,,,,,,,,,,,,,,,,,,,,
3202,0,0,,1,,7,1,21,2,,,,,,,,,,,,,10,,,,,,,,,,,,,,,,,,,,,,
3203,0,0,,1,,7,1,21,2,,,,,,,,,,,,,,10,,,,,,,30,,,,,,,,,,,,,,
3501,0,0,,1,,8,1,0,1,,1,,,,,,,,,,,,,,,,,,,,,,,,,,,,,,,,,
3502,0,0,,1,,8,1,0,1,,,1,,,,,,,,,,,,,,,,,,,,,,,,,,,,,,,,
3503,0,0,,1,,8,1,0,1,,,,1,,,,,,,,,,,,,,,,,,,,,,,,,,,,,,,
3504,0,0,,1,,8,1,0,1,,,,,1,,,,,,,,,,,,,,,,,,,,,,,,,,,,,,
3551,0,0,,1,,8,1,10,1.5,,1.25,,,1.25,,,,,,,,,,,,,,,,,,,,,,,,,,,,,,
3552,0,0,,1,,8,1,10,1.5,,1.75,,,,,,,,,,,,,,,,,,,,,,,,,,,,,,,,,
3601,0,0,,1,,8,1,20,2,,1.5,,,1.5,,,,,,,,,,,,,,,,,,,,,,,,,,,,,,
3602,0,0,,1,,8,1,20,2,,2,,,,,,,,,,,,,,,,,,,,,,,,,,,,,,,,,
4001,0,0,,1,,9,1,0,1,1.5,,,,,,,,,,,,,,,,,,,,,,,,,,,,,,,,,,
4002,0,0,,1,,9,1,0,1,,1.5,,,,,,,,,,,,,,,,,,,,,,,,,,,,,,,,,
4003,0,0,,1,,9,1,0,1,,,1.5,,,,,,,,,,,,,,,,,,,,,,,,,,,,,,,,
4004,0,0,,1,,9,1,0,1,,,,1.5,,,,,,,,,,,,,,,,,,,,,,,,,,,,,,,
4005,0,0,,1,,9,1,0,1,,,,,1.5,,,,,,,,,,,,,,,,,,,,,,,,,,,,,,
4006,0,0,,1,,9,1,0,1.5,1,1,,,,,,,,,,,,,,,,,,,,,,,,,,,,,,,,,
4007,0,0,,1,,9,1,0,1.5,,1,,1,,,,,,,,,,,,,,,,,,,,,,,,,,,,,,,
4008,0,0,,1,,9,1,0,1.5,,1,,,1,,,,,,,,,,,,,,,,,,,,,,,,,,,,,,
4051,0,0,,1,,9,1,10,1.5,1.25,1.25,,1.25,,,,,,,,,,,,,,,,,,,,,,,,,,,,,,,
4052,0,0,,1,,9,1,10,1.5,,1.25,,,1.25,,,,,,,,,,,,,,,,,,,,,,,,,,,,,,
4053,0,0,,1,,9,1,10,1.5,,1.75,,,,,,,,,,,,,,,,,,,,,,,,,,,,,,,,,
4101,0,0,,1,,9,1,11,1.5,,,,,,,,,10,,,,,,,,,,,,,,,,,,,,,,,,,,
4102,0,0,,1,,9,1,11,1.5,,,,,,,,,,,10,,,,,,,,,,,,,,,,,,,,,,,,
4103,0,0,,1,,9,1,11,1.5,,,,,,,,,8,,5,,,,,,,,,,,,,,,,,,,,,,,,
4151,0,0,,1,,9,1,20,2,1.5,1.5,,1,,,,,,,,,,,,,,,,,,,,,,,,,,,,,,,
4152,0,0,,1,,9,1,20,2,,1.5,,,1.5,,,,,,,,,,,,,,,,,,,,,,,,,,,,,,
4153,0,0,,1,,9,1,20,2,,2,,,,,,,,,,,,,,,,,,,,,,,,,,,,,,,,,
4201,0,0,,1,,9,1,21,2,,,,,,,,,15,,,,,,,,,,,5,,,,,,,,,,,,,,,
4202,0,0,,1,,9,1,21,2,,,,,,,,,,,10,,,,,,,,,5,,,,,,,,,,,,,,,
4203,0,0,,1,,9,1,21,2,,,,,,,,,10,,8,,,,,,,,,,,,,,,,,,,,,,,,
4501,0,0,,1,,10,1,0,1,1.5,,,,,,,,,,,,,,,,,,,,,,,,,,,,,,,,,,
4502,0,0,,1,,10,1,0,1,,1.5,,,,,,,,,,,,,,,,,,,,,,,,,,,,,,,,,
4503,0,0,,1,,10,1,0,1,,,1.5,,,,,,,,,,,,,,,,,,,,,,,,,,,,,,,,
4504,0,0,,1,,10,1,0,1,,,,1.5,,,,,,,,,,,,,,,,,,,,,,,,,,,,,,,
4505,0,0,,1,,10,1,0,1,,,,,1.5,,,,,,,,,,,,,,,,,,,,,,,,,,,,,,
4506,0,0,,1,,10,1,0,1.5,1,1,,,,,,,,,,,,,,,,,,,,,,,,,,,,,,,,,
4507,0,0,,1,,10,1,0,1.5,,1,,1,,,,,,,,,,,,,,,,,,,,,,,,,,,,,,,
4508,0,0,,1,,10,1,0,1.5,,1,,,1,,,,,,,,,,,,,,,,,,,,,,,,,,,,,,
4551,0,0,,1,,10,1,10,1.5,1.25,1.25,,1.25,,,,,,,,,,,,,,,,,,,,,,,,,,,,,,,
4552,0,0,,1,,10,1,10,1.5,,1.25,,,1.25,,,,,,,,,,,,,,,,,,,,,,,,,,,,,,
4553,0,0,,1,,10,1,10,1.5,,1.75,,,,,,,,,,,,,,,,,,,,,,,,,,,,,,,,,
4601,0,0,,1,,10,1,11,1.5,,,,,,,,,10,,,,,,,,,,,,,,,,,,,,,,,,,,
4602,0,0,,1,,10,1,11,1.5,,,,,,,,,,,10,,,,,,,,,,,,,,,,,,,,,,,,
4603,0,0,,1,,10,1,11,1.5,,,,,,,,,8,,5,,,,,,,,,,,,,,,,,,,,,,,,
4651,0,0,,1,,10,1,20,2,1.5,1.5,,1,,,,,,,,,,,,,,,,,,,,,,,,,,,,,,,
4652,0,0,,1,,10,1,20,2,,1.5,,,1.5,,,,,,,,,,,,,,,,,,,,,,,,,,,,,,
4653,0,0,,1,,10,1,20,2,,2,,,,,,,,,,,,,,,,,,,,,,,,,,,,,,,,,
4701,0,0,,1,,10,1,21,2,,,,,,,,,10,,,,,,,,,,,5,,,,,,,,,,,,,,,
4702,0,0,,1,,10,1,21,2,,,,,,,,,,,10,,,,,,,,,5,,,,,,,,,,,,,,,
4703,0,0,,1,,10,1,21,2,,,,,,,,,10,,8,,,,,,,,,,,,,,,,,,,,,,,,
5001,0,0,,1,,11,1,0,1,1.5,,,,,,,,,,,,,,,,,,,,,,,,,,,,,,,,,,
5002,0,0,,1,,11,1,0,1,,1.5,,,,,,,,,,,,,,,,,,,,,,,,,,,,,,,,,
5003,0,0,,1,,11,1,0,1,,,1.5,,,,,,,,,,,,,,,,,,,,,,,,,,,,,,,,
5004,0,0,,1,,11,1,0,1,,,,1.5,,,,,,,,,,,,,,,,,,,,,,,,,,,,,,,
5005,0,0,,1,,11,1,0,1,,,,,1.5,,,,,,,,,,,,,,,,,,,,,,,,,,,,,,
5006,0,0,,1,,11,1,0,1.5,1,1,,,,,,,,,,,,,,,,,,,,,,,,,,,,,,,,,
5007,0,0,,1,,11,1,0,1.5,,1,,1,,,,,,,,,,,,,,,,,,,,,,,,,,,,,,,
5008,0,0,,1,,11,1,0,1.5,,1,,,1,,,,,,,,,,,,,,,,,,,,,,,,,,,,,,
5051,0,0,,1,,11,1,10,1.5,1.25,1.25,,1.25,,,,,,,,,,,,,,,,,,,,,,,,,,,,,,,
5052,0,0,,1,,11,1,10,1.5,,1.25,,,1.25,,,,,,,,,,,,,,,,,,,,,,,,,,,,,,
5053,0,0,,1,,11,1,10,1.5,,1.75,,,,,,,,,,,,,,,,,,,,,,,,,,,,,,,,,
5101,0,0,,1,,11,1,11,1.5,,,,,,,,,10,,,,,,,,,,,,,,,,,,,,,,,,,,
5102,0,0,,1,,11,1,11,1.5,,,,,,,,,,,10,,,,,,,,,,,,,,,,,,,,,,,,
5103,0,0,,1,,11,1,11,1.5,,,,,,,,,8,,5,,,,,,,,,,,,,,,,,,,,,,,,
5151,0,0,,1,,11,1,20,2,1.5,1.5,,1,,,,,,,,,,,,,,,,,,,,,,,,,,,,,,,
5152,0,0,,1,,11,1,20,2,,1.5,,,1.5,,,,,,,,,,,,,,,,,,,,,,,,,,,,,,
5153,0,0,,1,,11,1,20,2,,2,,,,,,,,,,,,,,,,,,,,,,,,,,,,,,,,,
5201,0,0,,1,,11,1,21,2,,,,,,,,,10,,,,,,,,,,,5,,,,,,,,,,,,,,,
5202,0,0,,1,,11,1,21,2,,,,,,,,,,,10,,,,,,,,,5,,,,,,,,,,,,,,,
5203,0,0,,1,,11,1,21,2,,,,,,,,,15,,10,,,,,,,,,,,,,,,,,,,,,,,,
5501,0,0,,1,,12,1,0,1,1.5,,,,,,,,,,,,,,,,,,,,,,,,,,,,,,,,,,
5502,0,0,,1,,12,1,0,1,,1.5,,,,,,,,,,,,,,,,,,,,,,,,,,,,,,,,,
5503,0,0,,1,,12,1,0,1,,,1.5,,,,,,,,,,,,,,,,,,,,,,,,,,,,,,,,
5504,0,0,,1,,12,1,0,1,,,,1.5,,,,,,,,,,,,,,,,,,,,,,,,,,,,,,,
5505,0,0,,1,,12,1,0,1,,,,,1.5,,,,,,,,,,,,,,,,,,,,,,,,,,,,,,
5506,0,0,,1,,12,1,0,1.5,1,1,,,,,,,,,,,,,,,,,,,,,,,,,,,,,,,,,
5507,0,0,,1,,12,1,0,1.5,,1,,1,,,,,,,,,,,,,,,,,,,,,,,,,,,,,,,
5508,0,0,,1,,12,1,0,1.5,,1,,,1,,,,,,,,,,,,,,,,,,,,,,,,,,,,,,
5551,0,0,,1,,12,1,10,1.5,1.25,1.25,,1.25,1.25,,,,,,,,,,,,,,,,,,,,,,,,,,,,,,
5552,0,0,,1,,12,1,10,1.5,,1.75,,,,,,,,,,,,,,,,,,,,,,,,,,,,,,,,,
5553,0,0,,1,,12,1,10,1.5,1.5,,,1.5,1.5,,,,,,,,,,,,,,,,,,,,,,,,,,,,,,
5601,0,0,,1,,12,1,11,1.5,,,,,,,,,,,,,,,7,,,,,,,,,,,,,,,,,,,,
5602,0,0,,1,,12,1,11,1.5,,,,,,,,,,,,,,,,7,,,,,,,,,,,,,,,,,,,
5603,0,0,,1,,12,1,11,1.5,,,,,,,,,,,,,,,,,7,,,,,,,,,,,,,,,,,,
5651,0,0,,1,,12,1,20,2,1.5,1.5,1.5,1.5,1.5,,,,,,,,,,,,,,,,,,,,,,,,,,,,,,
5652,0,0,,1,,12,1,20,2,,2,,,,,,,,,,,,,,,,,,,,,,,,,,,,,,,,,
5653,0,0,,1,,12,1,20,2,1.75,,,1.75,1.75,,,,,,,,,,,,,,,,,,,,,,,,,,,,,,
5701,0,0,,1,,12,1,21,2,,,,,,,,,,,,,,,,,,,,,,,,,,50,,,,,,,,,
5702,0,0,,1,,12,1,21,2,,,,,,,,,,,,,,,,,,,,,,,,50,,,,,,,,,,,
6001,0,0,,1,,13,1,0,1,1.5,,,,,,,,,,,,,,,,,,,,,,,,,,,,,,,,,,
6002,0,0,,1,,13,1,0,1,,1.5,,,,,,,,,,,,,,,,,,,,,,,,,,,,,,,,,
6003,0,0,,1,,13,1,0,1,,,1.5,,,,,,,,,,,,,,,,,,,,,,,,,,,,,,,,
6004,0,0,,1,,13,1,0,1,,,,1.5,,,,,,,,,,,,,,,,,,,,,,,,,,,,,,,
6005,0,0,,1,,13,1,0,1,,,,,1.5,,,,,,,,,,,,,,,,,,,,,,,,,,,,,,
6006,0,0,,1,,13,1,0,1.5,1,1,,,,,,,,,,,,,,,,,,,,,,,,,,,,,,,,,
6007,0,0,,1,,13,1,0,1.5,,1,,1,,,,,,,,,,,,,,,,,,,,,,,,,,,,,,,
6008,0,0,,1,,13,1,0,1.5,,1,,,1,,,,,,,,,,,,,,,,,,,,,,,,,,,,,,
6051,0,0,,1,,13,1,10,1.5,1.25,1.25,,1.25,1.25,,,,,,,,,,,,,,,,,,,,,,,,,,,,,,
6052,0,0,,1,,13,1,10,1.5,,1.75,,,,,,,,,,,,,,,,,,,,,,,,,,,,,,,,,
6053,0,0,,1,,13,1,10,1.5,1.5,,,1.5,1.5,,,,,,,,,,,,,,,,,,,,,,,,,,,,,,
6101,0,0,,1,,13,1,11,1.5,,,,,,,,,,,,,,,,,,10,,,,,,,,,,,,,,,,,
6102,0,0,,1,,13,1,11,1.5,,,,,,,,,,,,,,,,,,,10,,,,,,,,,,,,,,,,
6103,0,0,,1,,13,1,11,1.5,,,,,,,,,,,,,,,,,,10,10,,,,,,,,,,,,,,,,
6151,0,0,,1,,13,1,20,2,1.5,1.5,1.5,1.5,1.5,,,,,,,,,,,,,,,,,,,,,,,,,,,,,,
6152,0,0,,1,,13,1,20,2,,2,,,,,,,,,,,,,,,,,,,,,,,,,,,,,,,,,
6153,0,0,,1,,13,1,20,2,1.75,,,1.75,1.75,,,,,,,,,,,,,,,,,,,,,,,,,,,,,,
6201,0,0,,1,,13,1,21,2,,,,,,,,,,,,,,,,,,,,,,50,,,,,,,,,,,,,
6202,0,0,,1,,13,1,21,2,,,,,,,,,,,,,,,,,,,,,,,,50,,,,,,,,,,,
6203,0,0,,1,,13,1,21,2,,,,,,,,,,,,,,,,,,,,,,,,,50,,,,,,,,,,
7001,0,0,,1,,15,1,0,1,1.5,,,,,,,,,,,,,,,,,,,,,,,,,,,,,,,,,,
7002,0,0,,1,,15,1,0,1,,1.5,,,,,,,,,,,,,,,,,,,,,,,,,,,,,,,,,
7003,0,0,,1,,15,1,0,1,,,1.5,,,,,,,,,,,,,,,,,,,,,,,,,,,,,,,,
7004,0,0,,1,,15,1,0,1,,,,1.5,,,,,,,,,,,,,,,,,,,,,,,,,,,,,,,
7005,0,0,,1,,15,1,0,1.5,,1,,1,,,,,,,,,,,,,,,,,,,,,,,,,,,,,,,
7006,0,0,,1,,15,1,0,3,,3,,,,,,,,,,,,,,,,,,,,,,,,,,,,,,,,,
7051,0,0,,1,,15,1,10,1.5,1.5,2,,,,,,,,,,,,,,,,,,,,,,,,,,,,,,,,,
7052,0,0,,1,,15,1,10,1.5,,4,,,,,,,,,,,,,,,,,,,,,,,,,,,,,,,,,
7101,0,0,,1,,15,1,11,1.5,,,,,,,,,10,,,,,,,,,,,,,,,,,,,,,,,,,,
7102,0,0,,1,,15,1,11,1.5,,,,,,,,,,,10,,,,,,,,,,,,,,,,,,,,,,,,
7151,0,0,,1,,15,1,20,2,2,3,,,,,,,,,,,,,,,,,,,,,,,,,,,,,,,,,
7152,0,0,,1,,15,1,20,2,,5,,,,,,,,,,,,,,,,,,,,,,,,,,,,,,,,,
7201,0,0,,1,,15,1,21,2,,,,,,,,,20,,,,,,,,,,,,,,,,,,,,,,,,,,
7202,0,0,,1,,15,1,21,2,,,,,,,,,10,,10,,,,,,,,,,,,,,,,,,,,,,,,
7203,0,0,白金VIP狂战套装,1,,,,,,,,,,,,,,,,,80,120,100,,,,10,,,,,,,,,,,,,,,,,
7204,0,0,白金VIP风舞套装,1,,,,,,,,,,,,,,,,,120,100,80,,,,8,,,,,,,,,,,,,10,,,,
7205,0,0,白金VIP神传套装,1,,,,,,,,,,,,,,,,,140,120,80,,,,,,,,,,,,,,,,,,,,,
7206,0,0,白金VIP邪灵套装,1,,,,,,,,,,,,,,,,,120,80,140,,,,,,,,,,,,,,,,,,,,,
7207,0,0,黄金VIP狂战套装,1,,,,,,,,,,,,,,,,,100,100,100,,,,10,,,,,,,,,,,,,,,,,
7208,0,0,黄金VIP风舞套装,1,,,,,,,,,,,,,,,,,100,100,100,,,,8,,,,,,,,,,,,,10,,,,
7209,0,0,黄金VIP神传套装,1,,,,,,,,,,,,,,,,,120,120,100,,,,,,,,,,,,,,,,,,,,,
7210,0,0,黄金VIP邪灵套装,1,,,,,,,,,,,,,,,,,120,100,120,,,,,,,,,,,,,,,,,,,,,
7211,0,0,仿VIP狂战套装,1,,,,,,,,,,,,,,,,,100,100,100,,,,10,,,,,,,,,,,,,,,,,
7212,0,0,仿VIP风舞套装,1,,,,,,,,,,,,,,,,,100,100,100,,,,8,,,,,,,,,,,,,10,,,,
7213,0,0,仿VIP神传套装,1,,,,,,,,,,,,,,,,,120,120,100,,,,,,,,,,,,,,,,,,,,,
7214,0,0,仿VIP邪灵套装,1,,,,,,,,,,,,,,,,,120,100,120,,,,,,,,,,,,,,,,,,,,,
7215,0,0,王魔战套装,1,,,,,,,,,,,,,,,,,100,120,80,,,,10,,,,,,,,,,,,,,,,,
7216,0,0,秦完术套装,1,,,,,,,,,,,,,,,,,120,80,140,,,,,,,,,,,,,,,,,,,,,
7217,0,0,闻聘道套装,1,,,,,,,,,,,,,,,,,140,100,100,,,,,,,,,,,,,,,,,,,,,
7218,0,0,龙吉风套装,1,,,,,,,,,,,,,,,,,120,100,80,,,,8,,,,,,,,,,,,,10,,,,
7219,0,0,苏护战套装,1,,,,,,,,,,,,,,,,,80,120,100,,,,10,,,,,,,,,,,,,,,,,
7220,0,0,闻仲术套装,1,,,,,,,,,,,,,,,,,100,100,140,,,,,,,,,,,,,,,,,,,,,
7221,0,0,杨戬道套装,1,,,,,,,,,,,,,,,,,140,120,80,,,,,,,,,,,,,,,,,,,,,
7222,0,0,碧霄风套装,1,,,,,,,,,,,,,,,,,120,80,100,,,,8,,,,,,,,,,,,,10,,,,
7223,0,0,赵公战套装,1,,,,,,,,,,,,,,,,,80,120,100,,,,10,,,,,,,,,,,,,,,,,
7224,0,0,魔礼术套装,1,,,,,,,,,,,,,,,,,120,80,140,,,,,,,,,,,,,,,,,,,,,
7225,0,0,杨任道套装,1,,,,,,,,,,,,,,,,,140,100,100,,,,,,,,,,,,,,,,,,,,,
7226,0,0,琼霄风套装,1,,,,,,,,,,,,,,,,,120,100,80,,,,8,,,,,,,,,,,,,10,,,,
7227,0,0,申公战套装,1,,,,,,,,,,,,,,,,,100,120,80,,,,10,,,,,,,,,,,,,,,,,
7228,0,0,余化术套装,1,,,,,,,,,,,,,,,,,120,80,140,,,,,,,,,,,,,,,,,,,,,
7229,0,0,黄龙道套装,1,,,,,,,,,,,,,,,,,140,100,100,,,,,,,,,,,,,,,,,,,,,
7230,0,0,无当风套装,1,,,,,,,,,,,,,,,,,120,80,100,,,,8,,,,,,,,,,,,,10,,,,
7231,0,0,玉鼎战套装,1,,,,,,,,,,,,,,,,,100,120,80,,,,10,,,,,,,,,,,,,,,,,
7232,0,0,多宝术套装,1,,,,,,,,,,,,,,,,,120,80,140,,,,,,,,,,,,,,,,,,,,,
7233,0,0,太乙道套装,1,,,,,,,,,,,,,,,,,140,120,80,,,,,,,,,,,,,,,,,,,,,
7234,0,0,云霄风套装,1,,,,,,,,,,,,,,,,,120,80,100,,,,8,,,,,,,,,,,,,10,,,,
7235,0,0,普贤战套装,1,,,,,,,,,,,,,,,,,80,120,100,,,,10,,,,,,,,,,,,,,,,,
7236,0,0,孔宣术套装,1,,,,,,,,,,,,,,,,,100,100,140,,,,,,,,,,,,,,,,,,,,,
7237,0,0,燃灯道套装,1,,,,,,,,,,,,,,,,,140,100,100,,,,,,,,,,,,,,,,,,,,,
7238,0,0,金灵风套装,1,,,,,,,,,,,,,,,,,120,100,80,,,,8,,,,,,,,,,,,,10,,,,
7239,0,0,黄金VIP狂战套装,1,,,,,,,,,,,,,,,,,100,100,100,,,,10,,,,,,,,,,,,,,,,,
7240,0,0,黄金VIP风舞套装,1,,,,,,,,,,,,,,,,,100,100,100,,,,8,,,,,,,,,,,,,10,,,,
7241,0,0,黄金VIP神传套装,1,,,,,,,,,,,,,,,,,120,120,100,,,,,,,,,,,,,,,,,,,,,
7242,0,0,黄金VIP邪灵套装,1,,,,,,,,,,,,,,,,,120,100,120,,,,,,,,,,,,,,,,,,,,,
7243,0,0,仿VIP狂战套装,1,,,,,,,,,,,,,,,,,100,100,100,,,,10,,,,,,,,,,,,,,,,,
7244,0,0,仿VIP风舞套装,1,,,,,,,,,,,,,,,,,100,100,100,,,,8,,,,,,,,,,,,,10,,,,
7245,0,0,仿VIP神传套装,1,,,,,,,,,,,,,,,,,120,120,100,,,,,,,,,,,,,,,,,,,,,
7246,0,0,仿VIP邪灵套装,1,,,,,,,,,,,,,,,,,120,100,120,,,,,,,,,,,,,,,,,,,,,
7247,0,0,仿VIP狂战套装,1,,,,,,,,,,,,,,,,,100,100,100,,,,10,,,,,,,,,,,,,,,,,
7248,0,0,仿VIP风舞套装,1,,,,,,,,,,,,,,,,,100,100,100,,,,8,,,,,,,,,,,,,10,,,,
7249,0,0,仿VIP神传套装,1,,,,,,,,,,,,,,,,,120,120,100,,,,,,,,,,,,,,,,,,,,,
7250,0,0,仿VIP邪灵套装,1,,,,,,,,,,,,,,,,,120,100,120,,,,,,,,,,,,,,,,,,,,,
7251,0,0,神坤壶水10%,1,,110,1,0,3,50,50,50,50,,,,10,,10,,20,10,10,,,,,,,,,,,,,,,,,,,,,
7252,0,0,神坤壶水10%,1,,143,1,0,3,50,50,50,50,,,,5,,5,,10,5,5,,,,,,,,,,,,,,,,,,,,,
7253,0,0,神坤壶水10%,1,,144,1,0,3,50,50,50,50,,1,,15,,15,,30,15,15,,,,,,,,,,,,,,,,,,,,,
7254,0,0,神坤壶水10%,1,,64,1,10,3,50,50,50,50,,3,,20,,20,,40,20,20,,,,,,1,1,,,,,,,,,,,,,,
7255,0,0,神坤壶水10%,1,,146,1,10,3,50,50,50,50,,5,,25,,25,,50,25,25,,,,,,2,2,,,,,,,,,,,,,,
7256,0,0,神坤壶水10%,1,,147,1,10,3,50,50,50,50,,7,1,30,2,30,,60,30,30,,,,,5,4,4,,,,,,,,,,,,1,,
7257,0,0,神坤壶水10%,1,,61,1,20,3,50,50,50,50,,9,2,35,4,35,,70,35,35,,,,,10,6,6,,,,,,,,,,,,2,,
7258,0,0,神坤壶水10%,1,,149,1,20,3,50,50,50,50,,11,3,40,6,40,,80,40,40,,,,,15,8,8,,,,,,,,,,,,3,,
7259,0,0,神坤壶水10%,1,,150,1,20,3,50,50,50,50,,13,4,45,8,45,,90,45,45,,,,,20,10,10,,,,,,,,,,,,4,,
7260,0,0,神坤壶水10%,1,,151,1,30,3,50,50,50,50,,15,5,50,10,50,,100,50,50,,,,,25,12,12,,,,,,,,,,,,5,,
7261,0,0,神坤壶水10%,1,,152,1,30,3,50,50,50,50,,17,6,55,12,55,,110,55,55,,,,,30,14,14,,,,,,,,,,,,6,,
7262,0,0,神坤壶水10%,1,,153,1,30,3,50,50,50,50,,19,7,60,14,60,,120,60,60,,,,,35,16,16,,,,,,1,,,,,,7,,
7263,0,0,神坤壶水10%,1,,154,1,30,3,50,50,50,50,,21,8,65,16,65,,130,65,65,,,,,40,18,18,,,,,,2,,,,,,8,,
7264,0,0,神坤壶水10%,1,,155,1,30,3,50,50,50,50,,23,9,70,18,70,,140,70,70,,,,,45,20,20,,,,,,3,,,,,,9,,
7265,0,0,神坤壶水10%,1,,156,1,30,3,50,50,50,50,,25,10,75,20,75,,150,75,75,,,,,50,22,22,,,,,,4,,,,,,10,,
7266,0,0,疾风扇火10%,1,,111,1,0,3,50,50,50,50,,,,10,,10,,10,20,10,,,,,,,,,,,,,,,,,,,,,
7267,0,0,疾风扇火10%,1,,157,1,0,3,50,50,50,50,,,,5,,5,,5,10,5,,,,,,,,,,,,,,,,,,,,,
7268,0,0,疾风扇火10%,1,,158,1,0,3,50,50,50,50,,1,,15,,15,,15,30,15,,,,,,,,,,,,,,,,,,,,,
7269,0,0,疾风扇火10%,1,,65,1,10,3,50,50,50,50,,3,,20,,20,,20,40,20,,,,,,1,1,,,,,,,,,,,,,,
7270,0,0,疾风扇火10%,1,,160,1,10,3,50,50,50,50,,5,,25,,25,,25,50,25,,,,,,2,2,,,,,,,,,,,,,,
7271,0,0,疾风扇火10%,1,,161,1,10,3,50,50,50,50,,7,1,30,2,30,,30,60,30,,,,,5,4,4,,,,,,,,,,,,1,,
7272,0,0,疾风扇火10%,1,,62,1,20,3,50,50,50,50,,9,2,35,4,35,,35,70,35,,,,,10,6,6,,,,,,,,,,,,2,,
7273,0,0,疾风扇火10%,1,,163,1,20,3,50,50,50,50,,11,3,40,6,40,,40,80,40,,,,,15,8,8,,,,,,,,,,,,3,,
7274,0,0,疾风扇火10%,1,,164,1,20,3,50,50,50,50,,13,4,45,8,45,,45,90,45,,,,,20,10,10,,,,,,,,,,,,4,,
7275,0,0,疾风扇火10%,1,,165,1,30,3,50,50,50,50,,15,5,50,10,50,,50,100,50,,,,,25,12,12,,,,,,,,,,,,5,,
7276,0,0,疾风扇火10%,1,,166,1,30,3,50,50,50,50,,17,6,55,12,55,,55,110,55,,,,,30,14,14,,,,,,,,,,,,6,,
7277,0,0,疾风扇火10%,1,,167,1,30,3,50,50,50,50,,19,7,60,14,60,,60,120,60,,,,,35,16,16,,,,,,1,,,,,,7,,
7278,0,0,疾风扇火10%,1,,168,1,30,3,50,50,50,50,,21,8,65,16,65,,65,130,65,,,,,40,18,18,,,,,,2,,,,,,8,,
7279,0,0,疾风扇火10%,1,,169,1,30,3,50,50,50,50,,23,9,70,18,70,,70,140,70,,,,,45,20,20,,,,,,3,,,,,,9,,
7280,0,0,疾风扇火10%,1,,170,1,30,3,50,50,50,50,,25,10,75,20,75,,75,150,75,,,,,50,22,22,,,,,,4,,,,,,10,,
7281,0,0,聚魂幡毒10%,1,,112,1,0,3,50,50,50,50,,,,10,,10,,10,10,20,,,,,,,,,,,,,,,,,,,,,
7282,0,0,聚魂幡毒10%,1,,129,1,0,3,50,50,50,50,,,,5,,5,,5,5,10,,,,,,,,,,,,,,,,,,,,,
7283,0,0,聚魂幡毒10%,1,,130,1,0,3,50,50,50,50,,1,,15,,15,,15,15,30,,,,,,,,,,,,,,,,,,,,,
7284,0,0,聚魂幡毒10%,1,,63,1,10,3,50,50,50,50,,3,,20,,20,,20,20,40,,,,,,1,1,,,,,,,,,,,,,,
7285,0,0,聚魂幡毒10%,1,,132,1,10,3,50,50,50,50,,5,,25,,25,,25,25,50,,,,,,2,2,,,,,,,,,,,,,,
7286,0,0,聚魂幡毒10%,1,,133,1,10,3,50,50,50,50,,7,1,30,2,30,,30,30,60,,,,,5,4,4,,,,,,,,,,,,1,,
7287,0,0,聚魂幡毒10%,1,,60,1,20,3,50,50,50,50,,9,2,35,4,35,,35,35,70,,,,,10,6,6,,,,,,,,,,,,2,,
7288,0,0,聚魂幡毒10%,1,,135,1,20,3,50,50,50,50,,11,3,40,6,40,,40,40,80,,,,,15,8,8,,,,,,,,,,,,3,,
7289,0,0,聚魂幡毒10%,1,,136,1,20,3,50,50,50,50,,13,4,45,8,45,,45,45,90,,,,,20,10,10,,,,,,,,,,,,4,,
7290,0,0,聚魂幡毒10%,1,,137,1,30,3,50,50,50,50,,15,5,50,10,50,,50,50,100,,,,,25,12,12,,,,,,,,,,,,5,,
7291,0,0,聚魂幡毒10%,1,,138,1,30,3,50,50,50,50,,17,6,55,12,55,,55,55,110,,,,,30,14,14,,,,,,,,,,,,6,,
7292,0,0,聚魂幡毒10%,1,,139,1,30,3,50,50,50,50,,19,7,60,14,60,,60,60,120,,,,,35,16,16,,,,,,1,,,,,,7,,
7293,0,0,聚魂幡毒10%,1,,140,1,30,3,50,50,50,50,,21,8,65,16,65,,65,65,130,,,,,40,18,18,,,,,,2,,,,,,8,,
7294,0,0,聚魂幡毒10%,1,,141,1,30,3,50,50,50,50,,23,9,70,18,70,,70,70,140,,,,,45,20,20,,,,,,3,,,,,,9,,
7295,0,0,聚魂幡毒10%,1,,142,1,30,3,50,50,50,50,,25,10,75,20,75,,75,75,150,,,,,50,22,22,,,,,,4,,,,,,10,,
7296,0,0,裂坤珠伤10%,1,,113,1,0,3,50,50,50,50,,,,20,,10,,10,10,10,,,,,,10,,,,,,,,,,,,,,,
7297,0,0,裂坤珠伤10%,1,,115,1,0,3,50,50,50,50,,,,10,,5,,5,5,5,,,,,,5,,,,,,,,,,,,,,,
7298,0,0,裂坤珠伤10%,1,,116,1,0,3,50,50,50,50,,1,,30,,15,,15,15,15,,,,,,15,,,,,,,,,,,,,,,
7299,0,0,裂坤珠伤10%,1,,117,1,10,3,50,50,50,50,,3,,40,,20,,20,20,20,,,,,,20,1,,,,,,,,,,,,,,
7300,0,0,裂坤珠伤10%,1,,118,1,10,3,50,50,50,50,,5,,50,,25,,25,25,25,,,,,,25,2,,,,,,,,,,,,,,
7301,0,0,裂坤珠伤10%,1,,119,1,10,3,50,50,50,50,,7,1,60,2,30,,30,30,30,,,,,5,30,4,,,,,,,,,,,,1,,
7302,0,0,裂坤珠伤10%,1,,120,1,20,3,50,50,50,50,,9,2,70,4,35,,35,35,35,,,,,10,35,6,,,,,,,,,,,,2,,
7303,0,0,裂坤珠伤10%,1,,121,1,20,3,50,50,50,50,,11,3,80,6,40,,40,40,40,,,,,15,40,8,,,,,,,,,,,,3,,
7304,0,0,裂坤珠伤10%,1,,122,1,20,3,50,50,50,50,,13,4,90,8,45,,45,45,45,,,,,20,45,10,,,,,,,,,,,,4,,
7305,0,0,裂坤珠伤10%,1,,123,1,30,3,50,50,50,50,,15,5,100,10,50,,50,50,50,,,,,25,50,12,,,,,,,,,,,,5,,
7306,0,0,裂坤珠伤10%,1,,124,1,30,3,50,50,50,50,,17,6,110,12,55,,55,55,55,,,,,30,55,14,,,,,,,,,,,,6,,
7307,0,0,裂坤珠伤10%,1,,125,1,30,3,50,50,50,50,,19,7,120,14,60,,60,60,60,,,,,35,60,16,,,,,,1,,,,,,7,,
7308,0,0,裂坤珠伤10%,1,,126,1,30,3,50,50,50,50,,21,8,130,16,65,,65,65,65,,,,,40,65,18,,,,,,2,,,,,,8,,
7309,0,0,裂坤珠伤10%,1,,127,1,30,3,50,50,50,50,,23,9,140,18,70,,70,70,70,,,,,45,70,20,,,,,,3,,,,,,9,,
7310,0,0,裂坤珠伤10%,1,,128,1,30,3,50,50,50,50,,25,10,150,20,75,,75,75,75,,,,,50,75,22,,,,,,4,,,,,,10,,
7311,0,0,圣光镜精10%,1,,114,1,0,3,50,50,50,50,,,,10,,20,,10,10,10,,,,,,10,,,,,,,,,,,,,,,
7312,0,0,圣光镜精10%,1,,171,1,0,3,50,50,50,50,,,,5,,10,,5,5,5,,,,,,5,,,,,,,,,,,,,,,
7313,0,0,圣光镜精10%,1,,172,1,0,3,50,50,50,50,,1,,15,,30,,15,15,15,,,,,,15,,,,,,,,,,,,,,,
7314,0,0,圣光镜精10%,1,,173,1,10,3,50,50,50,50,,3,,20,,40,,20,20,20,,,,,,20,1,,,,,,,,,,,,,,
7315,0,0,圣光镜精10%,1,,174,1,10,3,50,50,50,50,,5,,25,,50,,25,25,25,,,,,,25,2,,,,,,,,,,,,,,
7316,0,0,圣光镜精10%,1,,175,1,10,3,50,50,50,50,,7,1,30,2,60,,30,30,30,,,,,5,30,4,,,,,,,,,,,,1,,
7317,0,0,圣光镜精10%,1,,176,1,20,3,50,50,50,50,,9,2,35,4,70,,35,35,35,,,,,10,35,6,,,,,,,,,,,,2,,
7318,0,0,圣光镜精10%,1,,177,1,20,3,50,50,50,50,,11,3,40,6,80,,40,40,40,,,,,15,40,8,,,,,,,,,,,,3,,
7319,0,0,圣光镜精10%,1,,178,1,20,3,50,50,50,50,,13,4,45,8,90,,45,45,45,,,,,20,45,10,,,,,,,,,,,,4,,
7320,0,0,圣光镜精10%,1,,179,1,30,3,50,50,50,50,,15,5,50,10,100,,50,50,50,,,,,25,50,12,,,,,,,,,,,,5,,
7321,0,0,圣光镜精10%,1,,180,1,30,3,50,50,50,50,,17,6,55,12,110,,55,55,55,,,,,30,55,14,,,,,,,,,,,,6,,
7322,0,0,圣光镜精10%,1,,181,1,30,3,50,50,50,50,,19,7,60,14,120,,60,60,60,,,,,35,60,16,,,,,,1,,,,,,7,,
7323,0,0,圣光镜精10%,1,,182,1,30,3,50,50,50,50,,21,8,65,16,130,,65,65,65,,,,,40,65,18,,,,,,2,,,,,,8,,
7324,0,0,圣光镜精10%,1,,183,1,30,3,50,50,50,50,,23,9,70,18,140,,70,70,70,,,,,45,70,20,,,,,,3,,,,,,9,,
7325,0,0,圣光镜精10%,1,,184,1,30,3,50,50,50,50,,25,10,75,20,150,,75,75,75,,,,,50,75,22,,,,,,4,,,,,,10,,
7900,1,0,,1,,,,,,,,,,,,,,,,,,,,,,,2,,,,,,,,,,,,,,,,,
7901,1,0,,1,,,,,,,,,,,,,,,,,,,,,,,3,,,,,,,,,,,,,,,,,
7902,1,0,,1,,,,,,,,,,,,,,,,,,,,,,,2,,,,,,,,,,,,,,,,,
8001,0,0,,1,,,,,,8,,,,,,,,,,,,,,,,,,,,,,,,,,,,,,,,,,
8002,0,0,,1,,,,,,,8,,,,,,,,,,,,,,,,,,,,,,,,,,,,,,,,,
8003,0,0,,1,,,,,,,,8,,,,,,,,,,,,,,,,,,,,,,,,,,,,,,,,
8004,0,0,,1,,,,,,,,,1,,,,,,,,,,,,,,,,,,,,,,,,,,,,,,,
8005,0,0,,1,,,,,,,,,,8,,,,,,,,,,,,,,,,,,,,,,,,,,,,,,
8006,0,0,,1,,,,,,16,,,,,,,,,,,,,,,,,,,,,,,,,,,,,,,,,,
8007,0,0,,1,,,,,,,16,,,,,,,,,,,,,,,,,,,,,,,,,,,,,,,,,
8008,0,0,,1,,,,,,,,16,,,,,,,,,,,,,,,,,,,,,,,,,,,,,,,,
8009,0,0,,1,,,,,,,,,1,,,,,,,,,,,,,,,,,,,,,,,,,,,,,,,
8010,0,0,,1,,,,,,,,,,16,,,,,,,,,,,,,,,,,,,,,,,,,,,,,,
8011,0,0,,1,,,,,,24,,,,,,,,,,,,,,,,,,,,,,,,,,,,,,,,,,
8012,0,0,,1,,,,,,,24,,,,,,,,,,,,,,,,,,,,,,,,,,,,,,,,,
8013,0,0,,1,,,,,,,,24,,,,,,,,,,,,,,,,,,,,,,,,,,,,,,,,
8014,0,0,,1,,,,,,,,,1,,,,,,,,,,,,,,,,,,,,,,,,,,,,,,,
8015,0,0,,1,,,,,,,,,,24,,,,,,,,,,,,,,,,,,,,,,,,,,,,,,
8016,0,0,,1,,,,,,32,,,,,,,,,,,,,,,,,,,,,,,,,,,,,,,,,,
8017,0,0,,1,,,,,,,32,,,,,,,,,,,,,,,,,,,,,,,,,,,,,,,,,
8018,0,0,,1,,,,,,,,32,,,,,,,,,,,,,,,,,,,,,,,,,,,,,,,,
8019,0,0,,1,,,,,,,,,1,,,,,,,,,,,,,,,,,,,,,,,,,,,,,,,
8020,0,0,,1,,,,,,,,,,32,,,,,,,,,,,,,,,,,,,,,,,,,,,,,,
8021,0,0,,1,,,,,,40,,,,,,,,,,,,,,,,,,,,,,,,,,,,,,,,,,
8022,0,0,,1,,,,,,,40,,,,,,,,,,,,,,,,,,,,,,,,,,,,,,,,,
8023,0,0,,1,,,,,,,,40,,,,,,,,,,,,,,,,,,,,,,,,,,,,,,,,
8024,0,0,,1,,,,,,,,,1,,,,,,,,,,,,,,,,,,,,,,,,,,,,,,,
8025,0,0,,1,,,,,,,,,,40,,,,,,,,,,,,,,,,,,,,,,,,,,,,,,
8030,0,0,爆击首饰,1,,16,3,10,1,,,,,,,,,,,,,,,,,,,,5,,,,,,,,,,,,,,,
8031,0,0,吸魔剑,1,,17,1,10,1,,1.25,,,1.25,,,,,,,8,8,,,,,,,,,,,,,,,8,,,,,,,
8032,0,0,吸魔剑,1,,18,1,10,1,,1.25,,,1.25,,,,,,,8,8,,,,,,,,,,,,,,,10,,,,,,,
8033,0,0,吸魔剑,1,,19,1,10,1,,1.25,,,1.25,,,,,,,8,8,,,,,,,,,,,,,,,12,,,,,,,
8034,0,0,吸魔剑,1,,20,1,10,1,,1.25,,,1.25,,,,,,,8,8,,,,,,,,,,,,,,,14,,,,,,,
8035,0,0,吸魔剑,1,,21,1,10,1,,1.25,,,1.25,,,,,,,8,8,,,,,,,,,,,,,,,14,,,,,,,
8036,0,0,吸魔剑,1,,22,1,10,1,,1.25,,,1.25,,,,,,,8,8,,,,,,,,,,,,,,,16,,,,,,,
8037,0,0,吸魔剑,1,,23,1,10,1,,1.25,,,1.25,,,,,,,8,8,,,,,,,,,,,,,,,18,,,,,,,
8038,0,0,吸魔剑,1,,24,1,10,1,,1.25,,,1.25,,,,,,,8,,8,,,,,,,,,,,,,,8,,,,,,,
8039,0,0,吸魔剑,1,,25,1,10,1,,1.25,,,1.25,,,,,,,8,,8,,,,,,,,,,,,,,10,,,,,,,
8040,0,0,吸魔剑,1,,26,1,10,1,,1.25,,,1.25,,,,,,,8,,8,,,,,,,,,,,,,,12,,,,,,,
8041,0,0,吸魔剑,1,,27,1,10,1,,1.25,,,1.25,,,,,,,8,,8,,,,,,,,,,,,,,14,,,,,,,
8042,0,0,吸魔剑,1,,28,1,10,1,,1.25,,,1.25,,,,,,,8,,8,,,,,,,,,,,,,,14,,,,,,,
8043,0,0,吸魔剑,1,,29,1,10,1,,1.25,,,1.25,,,,,,,8,,8,,,,,,,,,,,,,,16,,,,,,,
8044,0,0,吸魔剑,1,,30,1,10,1,,1.25,,,1.25,,,,,,,8,,8,,,,,,,,,,,,,,18,,,,,,,
8045,0,0,战士衣服,1,,31,1,10,1,1.25,1.25,,1.25,,,,,10,,10,,,,,,,,,,,,,,,,,,,,20,,,,
8046,0,0,辉煌宝链,1,,32,3,10,1,,,,,,,,,,,,,,,,,,,,,,,,,,,,,,,,20,,,
8047,0,0,九五之尊,1,,33,3,10,1,,,,,,,,,,,,,,,,,,,,,,,,,,,,,,,,10,,,
8048,0,0,指路明灯,1,,34,3,10,1,,,,,,,,,,,,,,,,,,,,,,,,,,,,,,,,100,,,
8049,1,0,加水攻5%,1,,,,,,,,,,,,,,,,,10,,,,,,,,,,,,,,,,,,,,,,,
8050,1,0,加火攻5%,1,,,,,,,,,,,,,,,,,,10,,,,,,,,,,,,,,,,,,,,,,
8051,1,0,加毒攻5%,1,,,,,,,,,,,,,,,,,,,10,,,,,,,,,,,,,,,,,,,,,
8052,0,0,,1,,,,,,32,,,,,,,,,,,,,,,,,,,,,,,,,,,,,,,,,,
8053,0,0,,1,,,,,,,32,,,,,,,,,,,,,,,,,,,,,,,,,,,,,,,,,
8054,0,0,,1,,,,,,,,32,,,,,,,,,,,,,,,,,,,,,,,,,,,,,,,,
8055,0,0,,1,,,,,,,,,32,,,,,,,,,,,,,,,,,,,,,,,,,,,,,,,
8056,0,0,,1,,,,,,,,,,32,,,,,,,,,,,,,,,,,,,,,,,,,,,,,,
8057,0,0,吸魔5点,1,,,,,,,,,,,,,,,,,,,,,,,,,,,,,,,,,5,,,,,,,
8058,0,0,减伤10%,1,,35,3,10,1,,,,,,,,,,,,,,,,,,,,,,,,,,,,,,,10,,,,
8059,1,0,伤害10%,1,,36,3,10,1,,,,,,,,10,,,,,,,,,,,,,,,,,,,,,,,,,,,
8060,0,0,爆击首饰,1,,37,3,10,1,,,,,,,,,,,,,,,,,,,,5,,,,,,,,,,,,,,,
8061,0,0,吸血5%,1,,38,3,10,1,,,,,,,,,,,,,,,,,,,,,,,,,,,20,,,,,,,,
8062,0,0,吸血2%魔2%,1,,39,3,10,1,,,,,,,,,,,,,,,,,,,,,,,,,,,12,5,,,,,,,
8063,0,0,吸血2%吸伤8%,1,,40,3,10,1,,,,,,,,,,,,,,,,,,,,,,,,,,,12,,,,8,,,,
8064,0,0,无属性衣战,1,,41,2,10,1,,,,,,,,10,,,,,,,,,,,,5,15,,,,,,,,,,8,,,,
8065,0,0,无属性衣法,1,,42,2,10,1,,,,,,,,,,,,20,20,20,,,,,,5,15,,,,,,,,,,8,,,,
8100,1,0,加速50%,1,,,,,,,,,,,,,,,,,,,,,,,,,,,,,,,,,,,,,,,2000,
8101,0,0,力量强度60,1,,,,,,60,,,,,,,,,,,,,,,,,,,,,,,,,,,,,,,,,,
8102,0,0,体质强度60,1,,,,,,,60,,,,,,,,,,,,,,,,,,,,,,,,,,,,,,,,,
8103,0,0,精准强度60,1,,,,,,,,60,,,,,,,,,,,,,,,,,,,,,,,,,,,,,,,,
8104,0,0,敏捷强度60,1,,,,,,,,,60,,,,,,,,,,,,,,,,,,,,,,,,,,,,,,,
8105,0,0,智力强度60,1,,,,,,,,,,60,,,,,,,,,,,,,,,,,,,,,,,,,,,,,,
8106,0,0,必杀率5%,1,,,,,,,,,,,5,,,,,,,,,,,,,,,,,,,,,,,,,,,,,
8107,0,0,攻击速度5%,1,,,,,,,,,,,,5,,,,,,,,,,,,,,,,,,,,,,,,,,,,
8108,0,0,攻击距离5%,1,,,,,,,,,,,,,,,,,,,,,,,,,,,,,,,,,,,,,,,,
8109,0,0,伤害5%,1,,,,,,,,,,,,,5,,,,,,,,,,,,,,,,,,,,,,,,,,,
8110,0,0,防御5%,1,,,,,,,,,,,,,,5,,,,,,,,,,,,,,,,,,,,,,,,,,
8111,0,0,命中5%,1,,,,,,,,,,,,,,,5,,,,,,,,,,,,,,,,,,,,,,,,,
8112,0,0,闪躲5%,1,,,,,,,,,,,,,,,,5,,,,,,,,,,,,,,,,,,,,,,,,
8113,0,0,水攻5%,1,,,,,,,,,,,,,,,,,5,,,,,,,,,,,,,,,,,,,,,,,
8114,0,0,火攻5%,1,,,,,,,,,,,,,,,,,,5,,,,,,,,,,,,,,,,,,,,,,
8115,0,0,毒攻5%,1,,,,,,,,,,,,,,,,,,,5,,,,,,,,,,,,,,,,,,,,,
8116,0,0,三防5%,1,,,,,,,,,,,,,,,,,,,,2,2,2,,,,,,,,,,,,,,,,,,
8117,0,0,血量魔法值5%,1,,,,,,,,,,,,,,,,,,,,,,,5,5,,,,,,,,,,,,,,,,
8118,0,0,暴击率\暴击伤害5%,1,,,,,,,,,,,,,,,,,,,,,,,,,5,5,,,,,,,,,,,,,,
8119,0,0,力量强度80,1,,,,,,80,,,,,,,,,,,,,,,,,,,,,,,,,,,,,,,,,,
8120,0,0,体质强度80,1,,,,,,,80,,,,,,,,,,,,,,,,,,,,,,,,,,,,,,,,,
8121,0,0,精准强度80,1,,,,,,,,80,,,,,,,,,,,,,,,,,,,,,,,,,,,,,,,,
8122,0,0,敏捷强度80,1,,,,,,,,,60,,,,,,,,,,,,,,,,,,,,,,,,,,,,,,,
8123,0,0,智力强度80,1,,,,,,,,,,80,,,,,,,,,,,,,,,,,,,,,,,,,,,,,,
8124,0,0,必杀率8%,1,,,,,,,,,,,8,,,,,,,,,,,,,,,,,,,,,,,,,,,,,
8125,0,0,攻击速度8%,1,,,,,,,,,,,,8,,,,,,,,,,,,,,,,,,,,,,,,,,,,
8126,0,0,攻击距离8%,1,,,,,,,,,,,,,,,,,,,,,,,,,,,,,,,,,,,,,,,,
8127,0,0,伤害8%,1,,,,,,,,,,,,,8,,,,,,,,,,,,,,,,,,,,,,,,,,,
8128,0,0,防御8%,1,,,,,,,,,,,,,,8,,,,,,,,,,,,,,,,,,,,,,,,,,
8129,0,0,命中8%,1,,,,,,,,,,,,,,,8,,,,,,,,,,,,,,,,,,,,,,,,,
8130,0,0,闪躲8%,1,,,,,,,,,,,,,,,,8,,,,,,,,,,,,,,,,,,,,,,,,
8131,0,0,水攻8%,1,,,,,,,,,,,,,,,,,8,,,,,,,,,,,,,,,,,,,,,,,
8132,0,0,火攻8%,1,,,,,,,,,,,,,,,,,,8,,,,,,,,,,,,,,,,,,,,,,
8133,0,0,毒攻8%,1,,,,,,,,,,,,,,,,,,,8,,,,,,,,,,,,,,,,,,,,,
8134,0,0,三防8%,1,,,,,,,,,,,,,,,,,,,,4,4,4,,,,,,,,,,,,,,,,,,
8135,0,0,血量魔法值8%,1,,,,,,,,,,,,,,,,,,,,,,,8,8,,,,,,,,,,,,,,,,
8136,0,0,暴击率\暴击伤害8%,1,,,,,,,,,,,,,,,,,,,,,,,,,5,8,,,,,,,,,,,,,,
8137,0,0,伤害减免8%,1,,,,,,,,,,,,,,,,,,,,,,,,,,,,,,,,,,,,8,,,,
8138,0,0,吸血5%,1,,,,,,,,,,,,,,,,,,,,,,,,,,,,,,,,12,,,,,,,,
8200,0,0,白虎套装,1,,,,,,1,,,,,,,5,,,,,,,2,2,2,,,5,100,,,,,,20,,,,,,,,
8201,0,0,玄武套装,1,,,,,,,1,1,1,,,,,5,5,,,,,5,5,5,,,,,,,,,,,,,,10,,,,
8202,0,0,麒麟套装,1,,,,,,,3,,,,,,,,,,,,,7,7,7,10,,,,,,,,,,,,,,,,,
8203,0,0,凤凰套装,1,,,,,,0.75,,,0.75,,,,10,,,,,,,5,5,5,,,5,50,,,,,,,,,,,,,,
8204,0,0,焚天套装,1,,,,,,1,1,1,1,,,,,,,,,10,,,,,,,5,20,,,,,,,,,,5,,,,
8205,0,0,封冰套装,1,,,,,,1,1,1,1,,,,,,,,10,,,,,,,,5,20,,,,,,,,,,5,,,,
8206,0,0,邪帝套装,1,,,,,,1,1,1,1,,,,,,,,,,,,,,,,,,,,,,,,,,,5,,,,
8207,0,0,死神套装,1,,,,,,1,1,1,1,,,,,,,,,,,,,,,,,,,,,,,,,,,5,,,,
8208,0,0,GM套装,1,,,,,,,,,,,,,,,,,20,20,20,,,,,,,,,,,,,30,30,30,50,100,,,,
8209,0,0,,1,,,,,,,,,1,,,,,,,,,,,,,,,,,,,,,,,,,,,,,,,
8213,0,0,灵渊[阶段(1)],1,,81,1,11,1,,,,,,,,10,,,,,,,,,,,,,,,,,,,,,,,,,,,
8214,0,0,灵渊[阶段(2)],1,,81,1,11,1,,,,,,,10,10,,,,,,,,,,,,,,,,,,,,,,,,,,,
8215,0,0,灵渊[阶段(3)],1,,81,1,11,1,,,,,,35,10,10,,,,,,,,,,,,,,,,,,,,,,,,,,,
8216,0,0,灵渊[阶段(4)],1,,81,1,11,1,2,,,,,35,10,10,,,,,,,,,,,,,,,,,,,,,,,,,,,
8217,0,0,灵渊[阶段(5)],1,,81,1,11,1,2,2,,,,35,10,10,,,,,,,,,,,,,,,,,,,,,,,,,,,
8218,0,0,灵渊[阶段(6)],1,,81,1,11,1,2,2,2,,,35,10,10,,,,,,,,,,,,,,,,,,,,,,,,,,,
8219,0,0,灵渊[阶段(7)],1,,81,,,,,,,,,,,,,,,,,,,,,,,,,,,,,,,,,,,,,,
8220,0,0,灵渊[阶段(8)],1,,81,,,,,,,,,,,,,,,,,,,,,,,,,,,,,,,,,,,,,,
8221,0,0,灵渊[阶段(9)],1,,81,,,,,,,,,,,,,,,,,,,,,,,,,,,,,,,,,,,,,,
8222,0,0,灵渊[阶段(10)],1,,81,,,,,,,,,,,,,,,,,,,,,,,,,,,,,,,,,,,,,,
8223,0,0,幽水[阶段(1)],1,,82,1,11,1,,,,,,,,10,,,,,,,,,,,,,,,,,,,,,,,,,,,
8224,0,0,幽水[阶段(2)],1,,82,1,11,1,,,,,,,10,10,,,,,,,,,,,,,,,,,,,,,,,,,,,
8225,0,0,幽水[阶段(3)],1,,82,1,11,1,,,,,,,10,10,,,,11,,,,,,,,,,,,,,,,,,,,,,,
8226,0,0,幽水[阶段(4)],1,,82,1,11,1,,,,2,,,10,10,,,,13,,,,,,,,,,,,,,,,,,,,,,,
8227,0,0,幽水[阶段(5)],1,,82,1,11,1,,2,,2,,,10,10,,,,13,,,,,,,,,,,,,,,,,,,,,,,
8228,0,0,幽水[阶段(6)],1,,82,1,11,1,,2,2,2,,,10,10,,,,14,,,,,,,,,,,,,,,,,,,,,,,
8229,0,0,幽水[阶段(7)],1,,82,,,,,,,,,,,,,,,,,,,,,,,,,,,,,,,,,,,,,,
8230,0,0,幽水[阶段(8)],1,,82,,,,,,,,,,,,,,,,,,,,,,,,,,,,,,,,,,,,,,
8231,0,0,幽水[阶段(9)],1,,82,,,,,,,,,,,,,,,,,,,,,,,,,,,,,,,,,,,,,,
8232,0,0,幽水[阶段(10)],1,,82,,,,,,,,,,,,,,,,,,,,,,,,,,,,,,,,,,,,,,
8233,0,0,弑神[阶段(1)],1,,83,1,11,1,,,,,,,,,,,,20,,21,,,,,,,,,,,,,,,,,,,,,
8234,0,0,弑神[阶段(2)],1,,83,1,11,1,,,,,,,,,,,,20,,21,,,,,,5,,,,,,,,,,,,,,,
8235,0,0,弑神[阶段(3)],1,,83,1,11,1,,3,,,,,,,,,,20,,21,,,,,,5,,,,,,,,,,,,,,,
8236,0,0,弑神[阶段(4)],1,,83,1,11,1,,3,,,,,,,15,,,20,,21,,,,,,5,,,,,,,,,,,,,,,
8237,0,0,弑神[阶段(5)],1,,83,1,11,1,,3,3,,,,,,15,,,20,,21,,,,,,5,,,,,,,,,,,,,,,
8238,0,0,弑神[阶段(6)],1,,83,,,,,,,,,,,,,,,,,,,,,,,,,,,,,,,,,,,,,,
8239,0,0,弑神[阶段(7)],1,,83,,,,,,,,,,,,,,,,,,,,,,,,,,,,,,,,,,,,,,
8240,0,0,弑神[阶段(8)],1,,83,,,,,,,,,,,,,,,,,,,,,,,,,,,,,,,,,,,,,,
8241,0,0,弑神[阶段(9)],1,,83,,,,,,,,,,,,,,,,,,,,,,,,,,,,,,,,,,,,,,
8242,0,0,弑神[阶段(10)],1,,83,,,,,,,,,,,,,,,,,,,,,,,,,,,,,,,,,,,,,,
8243,0,0,天琊[阶段(1)],1,,84,1,11,1,,,,,,,,,,,,20,,,,,,,,,,,,,,,,,,,,,,,
8244,0,0,天琊[阶段(2)],1,,84,1,11,1,,,,,,,,,,,,20,,,,,,,,5,,,,,,,,,,,,,,,
8245,0,0,天琊[阶段(3)],1,,84,1,11,1,,3,,,,,,,,,,20,,,,,,,,5,,,,,,,,,,,,,,,
8246,0,0,天琊[阶段(4)],1,,84,1,11,1,,3,,,,,,,15,,,20,,,,,,,,5,,,,,,,,,,,,,,,
8247,0,0,天琊[阶段(5)],1,,84,1,11,1,,3,3,,,,,,15,,,20,,,,,,,,5,,,,,,,,,,,,,,,
8248,0,0,天琊[阶段(6)],1,,84,1,11,1,,3,3,,,,,,15,,,20,,,,,,,,5,,,,,,,,,,,,,,,
8249,0,0,天琊[阶段(7)],1,,84,,,,,,,,,,,,,,,,,,,,,,,,,,,,,,,,,,,,,,
8250,0,0,天琊[阶段(8)],1,,84,,,,,,,,,,,,,,,,,,,,,,,,,,,,,,,,,,,,,,
8251,0,0,天琊[阶段(9)],1,,84,,,,,,,,,,,,,,,,,,,,,,,,,,,,,,,,,,,,,,
8252,0,0,天琊[阶段(10)],1,,84,,,,,,,,,,,,,,,,,,,,,,,,,,,,,,,,,,,,,,
8253,0,0,灵渊[阶段(7)],1,,81,1,11,1,2,2,,,,35,10,10,,,,,24,,,,,,,,100,,,,,,,,,,,,,,
8254,0,0,灵渊[阶段(8)],1,,81,1,11,1,3,2,2,,,35,10,10,,,,,24,,5,5,5,,,5,100,,,,,,,,,,,,,,
8255,0,0,灵渊[阶段(9)],1,,81,1,11,1,3,3,2,,,35,10,10,,,,,24,,5,5,5,,,5,100,,,,,,,,,,,,,,
8256,0,0,灵渊[阶段(10)],1,,81,1,11,1,3,3,3,,,35,10,10,,,,,24,,7,7,7,5,,5,100,,,,,,,,,,,,,,
8257,0,0,幽水[阶段(7)],1,,82,1,11,1,,2,2,,,,10,10,,,,24,12,,,,,,,,100,,,,,,,,,,,,,,
8258,0,0,幽水[阶段(8)],1,,82,1,11,1,,3,2,2,,,10,10,,,,24,12,23,5,5,5,,,5,100,,,,,,,,,,,,,,
8259,0,0,幽水[阶段(9)],1,,82,1,11,1,,3,3,2,,,10,10,,,,24,,23,5,5,5,,,5,100,,,,,,,,,,,,,,
8260,0,0,幽水[阶段(10)],1,,82,1,11,1,,3,3,3,,,10,10,,,,24,23,,7,7,7,5,,5,100,,,,,,,,,,,,,,
8261,0,0,弑神[阶段(7)],1,,83,1,11,1,,3,3,,,,,,15,,,20,,5,,,,,,5,,,,,,,,,,,,,,,
8262,0,0,弑神[阶段(8)],1,,83,1,11,1,,3,3,,,,,,35,,,20,,10,,,,,,5,,,,,,,,,,,,,,,
8263,0,0,弑神[阶段(9)],1,,83,1,11,1,,3,3,,,,,,35,,,20,,15,,,,,,5,,,,,,,,,,,,,,,
8264,0,0,弑神[阶段(10)],1,,83,1,11,1,,3,3,,,,,,35,,,20,,20,,,,,,5,,,,,,,,,,,,,,,
8265,0,0,天琊[阶段(7)],1,,84,1,11,1,,3,3,,,,,,15,,,20,,5,,,,,,5,,,,,,,,,,,,,,,
8266,0,0,天琊[阶段(8)],1,,84,1,11,1,,3,3,,,,,,15,,,20,,10,,,,,,5,,,,,,,,,,,,,,,
8267,0,0,天琊[阶段(9)],1,,84,1,11,1,,3,3,,,,,,15,,,20,,15,,,,,,5,,,,,,,,,,,,,,,
8268,0,0,天琊[阶段(10)],1,,84,1,11,1,,3,3,,,,,,15,,,20,,20,,,,,,5,,,,,,,,,,,,,,,
8273,0,0,,1,,89,1,21,2,3,4,5,,,,,,22,,15,,28,,5,5,5,5,,,,,,,,,,,,,,,,,
8274,0,0,,1,,90,1,21,2,2,5,5,2,,,,,26,,,,32,,7,7,7,5,,,,,,,,,,,,,,,,,
8275,0,0,,1,,89,1,10,2,3,4,5,,,,,,22,,15,,24,,5,5,5,5,,,,,,,,,,,,,,,,,
8276,0,0,,1,,90,1,10,2,2,5,5,2,,,,,26,,,12,27,15,7,7,7,10,,,,,,,,,,,,,,,,,
8277,0,0,,1,,92,1,10,2,,4,5,,2,,,10,18,,10,11,,,5,5,5,5,,,,,,,,,,,,,,,,,
8278,0,0,,1,,93,1,10,2,,5,5,,2,,,10,24,,16,,,11,5,5,5,5,,,,,,,,,,,,,,,,,
8291,0,0,,1,,94,1,10,2,3,3.8,3,2,,23,10,10,,22,,36,36,36,,,,,50,5,22,,,,,,,,,,,,,,
8292,0,0,,1,,92,1,21,2,,4,2,,2,,,10,18,,10,11,,,5,5,5,5,,,,,,,,,,,,,,,,,
8293,0,0,,1,,93,1,21,2,,5,2,,2,,,10,24,,16,,,11,5,5,5,5,,,,,,,,,,,,,,,,,
8300,0,0,,1,,94,1,21,2,3,3.8,3,2,,23,10,10,,22,,36,36,36,,,,,50,5,22,,,,,,,,,,,,,,
8301,0,0,,1,,95,1,21,2,3,3.8,3,2,,34,10,10,,12,,29,29,29,8,8,8,,,5,83,,,,,,11,,,,,,,,
8302,0,0,,1,,96,1,21,2,3,3.8,3,2,,34,16,,20,22,,29,29,29,8,8,8,,,5,83,,,,,,11,,,,,,,,
8303,0,0,,1,,97,1,21,2,3,9.8,3,2,2,,,,28,,10,39,39,39,9,9,9,35,,5,15,,,,,,11,,,,,,,,
8304,0,0,,1,,98,1,21,2,3,9.8,3,2,2,,,,28,,10,39,39,39,9,9,9,35,,5,15,,,,,,11,,,,,,,,
8305,0,0,,1,,75,1,21,2,3,6.6,1.5,2,,,,,28,10,,62,62,62,8,8,8,23,,,,,,,,,11,,,,,,,,
8306,0,0,,1,,76,1,21,2,3,7,3,2,,,,5,38,10,,68,68,68,8,8,8,32,,,,,,,,,11,,,,,,,,
8318,0,0,,1,,79,1,10,3,3,3.8,3,2,,23,10,,,22,,25,25,25,,,,,50,5,22,,,,,,,,,,,,,,
8319,0,0,,1,,91,1,10,3,3,3.8,3,2,,24,10,,,31,,29,29,29,,,,,,5,33,,,,,,,,,,,,,,
8320,0,0,,1,,85,1,10,3,3,3.8,3,2,2,24,10,,,22,,29,29,29,,,,,,5,33,,,,,,,,,,,,,,
8321,0,0,,1,,78,1,10,3,5,7,3,2,2,,,,24,,24,25,25,25,9,9,9,32,,5,15,,,,,,11,,,,,,,,
8322,0,0,,1,,78,1,10,3,3,7,3,2,2,,,,24,,24,25,25,25,9,9,9,32,,5,15,,,,,,11,,,,,,,,
8323,0,0,,1,,77,1,10,1,2,5.5,3,2,,,,,24,,,46,45,46,7,9,9,20,,,,,,,,,11,,,,,,,,
8324,0,0,,1,,77,1,10,1,2,5.5,2,2,,,,,24,,,42,42,42,9,9,9,21,,,,,,,,,11,,,,,,,,
8325,0,0,灵渊[阶段(1)],1,,81,1,21,1,,,,,,,,10,,,,,,,,,,,,,,,,,,,,,,,,,,,
8326,0,0,灵渊[阶段(2)],1,,81,1,21,1,,,,,,,21,10,,,,,,,,,,,,,,,,,,,,,,,,,,,
8327,0,0,灵渊[阶段(3)],1,,81,1,21,1,,,,,,21,21,10,,,,,,,,,,,,,,,,,,,,,,,,,,,
8328,0,0,灵渊[阶段(4)],1,,81,1,21,1,2,,,,,21,21,10,,,,,,,,,,,,,,,,,,,,,,,,,,,
8329,0,0,幽水[阶段(1)],1,,82,1,21,1,,,,,,,,10,,,,,,,,,,,,,,,,,,,,,,,,,,,
8330,0,0,幽水[阶段(2)],1,,82,1,21,1,,,,,,,21,10,,,,,,,,,,,,,,,,,,,,,,,,,,,
8331,0,0,幽水[阶段(3)],1,,82,1,21,1,,,,,,,21,10,,,,8,,,,,,,,,,,,,,,,,,,,,,,
8332,0,0,幽水[阶段(4)],1,,82,1,21,1,,,,2,,,21,10,,,,8,,,,,,,,,,,,,,,,,,,,,,,
8333,0,0,弑神[阶段(1)],1,,83,1,21,1,,,,,,,,,,,,12,,12,,,,,,,,,,,,,,,,,,,,,
8334,0,0,弑神[阶段(2)],1,,83,1,21,1,,,,,,,,,,,,12,,12,,,,,,5,,,,,,,,,,,,,,,
8335,0,0,弑神[阶段(3)],1,,83,1,21,1,,3,,,,,,,,,,12,,12,,,,,,5,,,,,,,,,,,,,,,
8336,0,0,弑神[阶段(4)],1,,83,1,21,1,,3,,,,,,,15,,,12,,12,,,,,,5,,,,,,,,,,,,,,,
8337,0,0,天琊[阶段(1)],1,,84,1,21,1,,,,,,,,,,,,12,,,,,,,,,,,,,,,,,,,,,,,
8338,0,0,天琊[阶段(2)],1,,84,1,21,1,,,,,,,,,,,,12,,,,,,,,5,,,,,,,,,,,,,,,
8339,0,0,天琊[阶段(3)],1,,84,1,21,1,,3,,,,,,,,,,12,,,,,,,,5,,,,,,,,,,,,,,,
8340,0,0,天琊[阶段(4)],1,,84,1,21,1,,3,,,,,,,15,,,12,,,,,,,,5,,,,,,,,,,,,,,,
8343,0,0,灵渊[阶段(1)],1,,81,1,0,1,,,,,,,,10,,,,,,,,,,,,,,,,,,,,,,,,,,,
8344,0,0,灵渊[阶段(2)],1,,81,1,0,1,,,,,,,10,10,,,,,,,,,,,,,,,,,,,,,,,,,,,
8345,0,0,灵渊[阶段(3)],1,,81,1,0,1,,,,,,35,10,10,,,,,,,,,,,,,,,,,,,,,,,,,,,
8346,0,0,灵渊[阶段(4)],1,,81,1,0,1,2,,,,,35,10,10,,,,,,,,,,,,,,,,,,,,,,,,,,,
8347,0,0,灵渊[阶段(5)],1,,81,1,0,1,2,2,,,,35,10,10,,,,,,,,,,,,,,,,,,,,,,,,,,,
8348,0,0,灵渊[阶段(6)],1,,81,1,0,1,2,2,2,,,35,10,10,,,,,,,,,,,,,,,,,,,,,,,,,,,
8349,0,0,灵渊[阶段(7)],1,,81,,,,,,,,,,,,,,,,,,,,,,,,,,,,,,,,,,,,,,
8350,0,0,灵渊[阶段(8)],1,,81,,,,,,,,,,,,,,,,,,,,,,,,,,,,,,,,,,,,,,
8351,0,0,灵渊[阶段(9)],1,,81,,,,,,,,,,,,,,,,,,,,,,,,,,,,,,,,,,,,,,
8352,0,0,灵渊[阶段(10)],1,,81,,,,,,,,,,,,,,,,,,,,,,,,,,,,,,,,,,,,,,
8353,0,0,幽水[阶段(1)],1,,82,1,0,1,,,,,,,,10,,,,,,,,,,,,,,,,,,,,,,,,,,,
8354,0,0,幽水[阶段(2)],1,,82,1,0,1,,,,,,,10,10,,,,,,,,,,,,,,,,,,,,,,,,,,,
8355,0,0,幽水[阶段(3)],1,,82,1,0,1,,,,,,,10,10,,,,10,,,,,,,,,,,,,,,,,,,,,,,
8356,0,0,幽水[阶段(4)],1,,82,1,0,1,,,,2,,,10,10,,,,11,,,,,,,,,,,,,,,,,,,,,,,
8357,0,0,幽水[阶段(5)],1,,82,1,0,1,,2,,2,,,10,10,,,,12,,,,,,,,,,,,,,,,,,,,,,,
8358,0,0,幽水[阶段(6)],1,,82,1,0,1,,2,2,2,,,10,10,,,,13,,,,,,,,,,,,,,,,,,,,,,,
8359,0,0,幽水[阶段(7)],1,,82,,,,,,,,,,,,,,,,,,,,,,,,,,,,,,,,,,,,,,
8360,0,0,幽水[阶段(8)],1,,82,,,,,,,,,,,,,,,,,,,,,,,,,,,,,,,,,,,,,,
8361,0,0,幽水[阶段(9)],1,,82,,,,,,,,,,,,,,,,,,,,,,,,,,,,,,,,,,,,,,
8362,0,0,幽水[阶段(10)],1,,82,,,,,,,,,,,,,,,,,,,,,,,,,,,,,,,,,,,,,,
8363,0,0,弑神[阶段(1)],1,,83,1,0,1,,,,,,,,,,,,20,,21,,,,,,,,,,,,,,,,,,,,,
8364,0,0,弑神[阶段(2)],1,,83,1,0,1,,,,,,,,,,,,20,,21,,,,,,5,,,,,,,,,,,,,,,
8365,0,0,弑神[阶段(3)],1,,83,1,0,1,,3,,,,,,,,,,20,,21,,,,,,5,,,,,,,,,,,,,,,
8366,0,0,弑神[阶段(4)],1,,83,1,0,1,,3,,,,,,,15,,,20,,21,,,,,,5,,,,,,,,,,,,,,,
8367,0,0,弑神[阶段(5)],1,,83,1,0,1,,3,3,,,,,,15,,,20,,21,,,,,,5,,,,,,,,,,,,,,,
8368,0,0,弑神[阶段(6)],1,,83,1,0,1,,3,3,,,,,,15,,,20,,21,,,,,,5,,,,,,,,,,,,,,,
8369,0,0,弑神[阶段(7)],1,,83,,,,,,,,,,,,,,,,,,,,,,,,,,,,,,,,,,,,,,
8370,0,0,弑神[阶段(8)],1,,83,,,,,,,,,,,,,,,,,,,,,,,,,,,,,,,,,,,,,,
8371,0,0,弑神[阶段(9)],1,,83,,,,,,,,,,,,,,,,,,,,,,,,,,,,,,,,,,,,,,
8372,0,0,弑神[阶段(10)],1,,83,,,,,,,,,,,,,,,,,,,,,,,,,,,,,,,,,,,,,,
8373,0,0,天琊[阶段(1)],1,,84,1,0,1,,,,,,,,,,,,20,,,,,,,,,,,,,,,,,,,,,,,
8374,0,0,天琊[阶段(2)],1,,84,1,0,1,,,,,,,,,,,,20,,,,,,,,5,,,,,,,,,,,,,,,
8375,0,0,天琊[阶段(3)],1,,84,1,0,1,,3,,,,,,,,,,20,,,,,,,,5,,,,,,,,,,,,,,,
8376,0,0,天琊[阶段(4)],1,,84,1,0,1,,3,,,,,,,15,,,20,,,,,,,,5,,,,,,,,,,,,,,,
8377,0,0,天琊[阶段(5)],1,,84,1,0,1,,3,3,,,,,,15,,,20,,,,,,,,5,,,,,,,,,,,,,,,
8378,0,0,天琊[阶段(6)],1,,84,1,0,1,,3,3,,,,,,15,,,20,,,,,,,,5,,,,,,,,,,,,,,,
8379,0,0,天琊[阶段(7)],1,,84,,,,,,,,,,,,,,,,,,,,,,,,,,,,,,,,,,,,,,
8380,0,0,天琊[阶段(8)],1,,84,,,,,,,,,,,,,,,,,,,,,,,,,,,,,,,,,,,,,,
8381,0,0,天琊[阶段(9)],1,,84,,,,,,,,,,,,,,,,,,,,,,,,,,,,,,,,,,,,,,
8382,0,0,天琊[阶段(10)],1,,84,,,,,,,,,,,,,,,,,,,,,,,,,,,,,,,,,,,,,,
8383,0,0,灵渊[阶段(7)],1,,81,1,0,1,2,2,,,,35,10,10,,,,,24,,,,,,,,100,,,,,,,,,,,,,,
8384,0,0,灵渊[阶段(8)],1,,81,1,0,1,3,2,2,,,35,10,10,,,,,24,,5,5,5,,,5,100,,,,,,,,,,,,,,
8385,0,0,灵渊[阶段(9)],1,,81,1,0,1,3,3,2,,,35,10,10,,,,,24,,5,5,5,,,5,100,,,,,,,,,,,,,,
8386,0,0,灵渊[阶段(10)],1,,81,1,0,1,3,3,3,,,35,10,10,,,,,24,,7,7,7,5,,5,100,,,,,,,,,,,,,,
8387,0,0,幽水[阶段(7)],1,,82,1,0,1,,2,2,,,,10,10,,,,14,,,,,,,,,100,,,,,,,,,,,,,,
8388,0,0,幽水[阶段(8)],1,,82,1,0,1,,3,2,2,,,10,10,,,,24,24,,5,5,5,,,5,100,,,,,,,,,,,,,,
8389,0,0,幽水[阶段(9)],1,,82,1,0,1,,3,3,2,,,10,10,,,,24,25,,5,5,5,,,5,100,,,,,,,,,,,,,,
8390,0,0,幽水[阶段(10)],1,,82,1,0,1,,3,3,3,,,10,10,,,,24,24,11,7,7,7,5,,5,100,,,,,,,,,,,,,,
8391,0,0,弑神[阶段(7)],1,,83,1,0,1,,3,3,,,,,,15,,,20,,5,,,,,,5,,,,,,,,,,,,,,,
8392,0,0,弑神[阶段(8)],1,,83,1,0,1,,3,3,,,,,,35,,,20,,10,,,,,,5,,,,,,,,,,,,,,,
8393,0,0,弑神[阶段(9)],1,,83,1,0,1,,3,3,,,,,,35,,,20,,15,,,,,,5,,,,,,,,,,,,,,,
8394,0,0,弑神[阶段(10)],1,,83,1,0,1,,3,3,,,,,,35,,,20,,20,,,,,,5,,,,,,,,,,,,,,,
8395,0,0,天琊[阶段(7)],1,,84,1,0,1,,3,3,,,,,,15,,,20,,5,,,,,,5,,,,,,,,,,,,,,,
8396,0,0,天琊[阶段(8)],1,,84,1,0,1,,3,3,,,,,,15,,,20,,10,,,,,,5,,,,,,,,,,,,,,,
8397,0,0,天琊[阶段(9)],1,,84,1,0,1,,3,3,,,,,,15,,,20,,15,,,,,,5,,,,,,,,,,,,,,,
8398,0,0,天琊[阶段(10)],1,,84,1,0,1,,3,3,,,,,,15,,,20,,20,,,,,,5,,,,,,,,,,,,,,,
8401,1,0,加水攻15%,1,,,,,,,,,,,,,,,,,15,,,,,,,,,,,,,,,,,,,,,,,
8402,1,0,加火攻15%,1,,,,,,,,,,,,,,,,,,15,,,,,,,,,,,,,,,,,,,,,,
8403,1,0,加毒攻15%,1,,,,,,,,,,,,,,,,,,,15,,,,,,,,,,,,,,,,,,,,,
8404,1,0,加水攻20%,1,,,,,,,,,,,,,,,,,20,,,,,,,,,,,,,,,,,,,,,,,
8405,1,0,加火攻20%,1,,,,,,,,,,,,,,,,,,20,,,,,,,,,,,,,,,,,,,,,,
8406,1,0,加毒攻20%,1,,,,,,,,,,,,,,,,,,,20,,,,,,,,,,,,,,,,,,,,,
8407,1,0,加水攻25%,1,,,,,,,,,,,,,,,,,25,,,,,,,,,,,,,,,,,,,,,,,
8408,1,0,加火攻25%,1,,,,,,,,,,,,,,,,,,25,,,,,,,,,,,,,,,,,,,,,,
8409,1,0,加毒攻25%,1,,,,,,,,,,,,,,,,,,,25,,,,,,,,,,,,,,,,,,,,,
8410,1,0,加水攻30%,1,,,,,,,,,,,,,,,,,30,,,,,,,,,,,,,,,,,,,,,,,
8411,1,0,加火攻30%,1,,,,,,,,,,,,,,,,,,30,,,,,,,,,,,,,,,,,,,,,,
8412,1,0,加毒攻30%,1,,,,,,,,,,,,,,,,,,,30,,,,,,,,,,,,,,,,,,,,,
8413,1,0,伤害15%,1,,,,,,,,,,,,,15,,,,,,,,,,,,,,,,,,,,,,,,,,,
8414,1,0,伤害20%,1,,,,,,,,,,,,,20,,,,,,,,,,,,,,,,,,,,,,,,,,,
8415,1,0,伤害25%,1,,,,,,,,,,,,,25,,,,,,,,,,,,,,,,,,,,,,,,,,,
8416,1,0,伤害30%,1,,,,,,,,,,,,,30,,,,,,,,,,,,,,,,,,,,,,,,,,,
8417,0,0,,1,,49,1,20,2,2,2,2,2,2,,,,,,,,,,,,,,,,,,,,,,,,,,,,,,
8418,0,0,,1,,49,1,21,2,,,,,,,,,,,,30,,,,,,,,,,,,,,,,,,,,,,,
8419,0,0,,1,,49,1,21,2,,,,,,,,,,,,,30,,,,,,,,,,,,,,,,,,,,,,
8420,0,0,,1,,49,1,21,2,,,,,,,,,,,,,,30,,,,,,,,,,,,,,,,,,,,,
8421,0,0,,1,,49,1,10,1.5,1.75,1.75,,1.75,1.75,,,,,,,,,,,,,,,,,,,,,,,,,,,,,,
8422,0,0,,1,,49,1,11,1.5,,,,,,,,,,,,,,,5,,,,,,,,,,,,,,,,,,,,
8423,0,0,,1,,49,1,11,1.5,,,,,,,,,,,,,,,,5,,,,,,,,,,,,,,,,,,,
8424,0,0,,1,,49,1,11,1.5,,,,,,,,,,,,,,,,,5,,,,,,,,,,,,,,,,,,
8425,1,0,加水攻30%,1,,,,,,,,,,,,,,,,,50,,,,,,,,,,,,,,,,,,,,,,,
8426,1,0,加火攻30%,1,,,,,,,,,,,,,,,,,,50,,,,,,,,,,,,,,,,,,,,,,
8427,1,0,加毒攻30%,1,,,,,,,,,,,,,,,,,,,50,,,,,,,,,,,,,,,,,,,,,
8431,0,0,弑神[阶段(6)],1,,83,1,11,1,,3,3,,,,,,15,,,20,,21,,,,,,5,,,,,,,,,,,,,,,
8437,1,0,伤害35%,1,,,,,,,,,,,,,35,,,,,,,,,,,,,,,,,,,,,,,,,,,
8438,0,0,,1,,79,1,10,3,3,3.8,3,2,,23,10,,,22,,25,25,25,,,,,50,5,22,,,,,,,,,,,,,,
8439,0,0,,1,,91,1,10,3,3,3.8,3,2,,24,10,,,31,,29,29,29,,,,,,5,33,,,,,,,,,,,,,,
8440,0,0,,1,,85,1,10,3,3,3.8,3,2,2,24,10,,,22,,29,29,29,,,,,,5,33,,,,,,,,,,,,,,
8441,0,0,,1,,78,1,10,3,3,7,3,2,2,,,,24,,24,25,25,25,9,9,9,32,,5,15,,,,,,11,,,,,,,,
8442,0,0,,1,,78,1,10,3,3,7,3,2,2,,,,24,,24,25,25,25,9,9,9,32,,5,15,,,,,,11,,,,,,,,
8443,0,0,,1,,77,1,10,1,2,5.5,3,2,,,,,24,,,46,45,46,7,9,9,20,,,,,,,,,11,,,,,,,,
8444,0,0,,1,,77,1,10,1,2,5.5,2,2,2,,,,24,,,42,42,42,9,9,9,21,,,,,,,,,11,,,,,,,,
8448,0,0,,1,,79,1,10,3,3,3.8,3,2,,23,10,,,22,,29,25,25,,,,,40,5,22,,,,,,,,,,,,,,
8449,0,0,,1,,91,1,10,3,3,3.8,3,2,,24,10,,,31,,29,21,29,,,,,,5,43,,,,,,,,,,,,,,
8450,0,0,,1,,85,1,10,3,3,3.8,3,2,2,24,10,,,22,,21,29,29,,,,,,5,33,,,,,,,,,,,,,,
8451,0,0,,1,,78,1,10,3,3,7,3,2,2,,,,24,,24,25,25,25,9,9,9,32,,5,15,,,,,,11,,,,,,,,
8452,0,0,,1,,78,1,10,3,3,7,3,2,2,,,,24,,24,25,25,25,9,9,9,32,,5,15,,,,,,11,,,,,,,,
8453,0,0,,1,,77,1,10,1,2,5.5,3,2,,,,,24,,,46,45,46,7,9,9,20,,,,,,,,,11,,,,,,,,
8454,0,0,,1,,77,1,10,1,2,5.5,2,2,2,,,,24,,,42,42,42,9,9,9,21,,,,,,,,,11,,,,,,,,
8458,0,0,,1,,79,1,10,3,3,3.8,3,2,,23,10,,,22,,28,25,25,,,,,50,5,22,,,,,,,,,,,,,,
8459,0,0,,1,,91,1,10,3,3,3.8,3,2,,24,10,,,31,,29,29,34,,,,,,5,33,,,,,,,,,,,,,,
8460,0,0,,1,,85,1,10,3,3,3.8,3,2,2,24,10,,,22,,35,29,29,,,,,,5,33,,,,,,,,,,,,,,
8461,0,0,,1,,78,1,10,3,3,7,3,2,2,,,,24,,24,25,25,35,9,9,9,32,,5,15,,,,,,11,,,,,,,,
8462,0,0,,1,,78,1,10,3,3,7,3,2,2,,,,24,,24,35,25,25,9,9,9,32,,5,15,,,,,,11,,,,,,,,
8463,0,0,,1,,77,1,10,1,2,5.5,3,2,,,,,24,,,41,45,46,7,9,9,20,,,,,,,,,11,,,,,,,,
8464,0,0,,1,,77,1,10,1,2,5.5,2,2,2,,,,24,,,42,42,36,9,9,9,21,,,,,,,,,11,,,,,,,,
8468,0,0,,1,,79,1,10,3,3,3.8,3,2,,23,10,,,22,,25,25,25,,,,,50,5,22,,,,,,,,,,,,,,
8469,0,0,,1,,91,1,10,3,3,3.8,3,2,,24,10,,,31,,29,29,21,,,,,,5,33,,,,,,,,,,,,,,
8470,0,0,,1,,85,1,10,3,3,3.8,3,2,2,24,10,,,22,,29,21,29,,,,,,5,33,,,,,,,,,,,,,,
8471,0,0,,1,,78,1,10,3,5,7,3,2,2,,,,24,,24,25,28,25,9,9,9,32,,5,15,,,,,,11,,,,,,,,
8472,0,0,,1,,78,1,10,3,3,7,3,2,2,,,,24,,24,25,26,25,9,9,9,32,,5,15,,,,,,11,,,,,,,,
8473,0,0,,1,,77,1,10,1,2,5.5,3,2,,,,,24,,,46,49,46,7,9,9,20,,,,,,,,,11,,,,,,,,
8474,0,0,,1,,77,1,10,1,2,5.5,2,2,2,,,,24,,,49,42,42,9,9,9,21,,,,,,,,,11,,,,,,,,
8478,0,0,,1,,79,1,10,3,3,3.8,3,2,,23,10,,,22,,25,34,25,,,,,50,5,22,,,,,,,,,,,,,,
8479,0,0,,1,,91,1,10,3,3,3.8,3,2,,24,10,,,31,,29,29,32,,,,,,5,33,,,,,,,,,,,,,,
8480,0,0,,1,,85,1,10,3,3,3.8,3,2,2,24,10,,,22,,33,29,29,,,,,,5,33,,,,,,,,,,,,,,
8481,0,0,,1,,78,1,10,3,3,7,3,2,2,,,,24,,24,25,35,25,9,9,9,32,,5,15,,,,,,11,,,,,,,,
8482,0,0,,1,,78,1,10,3,3,7,3,2,2,,,,24,,34,25,25,25,9,9,9,32,,5,15,,,,,,11,,,,,,,,
8483,0,0,,1,,77,1,10,1,2,5.5,3,2,,,,,24,,,46,55,46,7,9,9,20,,,,,,,,,11,,,,,,,,
8484,0,0,,1,,77,1,10,1,2,5.5,2,2,2,,,,24,,,52,42,42,9,9,9,21,,,,,,,,,11,,,,,,,,
8488,0,0,,1,,79,1,10,3,3,3.8,3,2,,23,10,,,22,,25,21,25,,,,,50,5,22,,,,,,,,,,,,,,
8489,0,0,,1,,91,1,10,3,3,3.8,3,2,,24,10,,,31,,21,29,29,,,,,,5,33,,,,,,,,,,,,,,
8490,0,0,,1,,85,1,10,3,3,3.8,3,2,2,24,10,,,22,,29,21,29,,,,,,5,33,,,,,,,,,,,,,,
8491,0,0,,1,,78,1,10,3,3,7,3,2,2,,,,24,,24,25,21,25,9,9,9,32,,5,15,,,,,,11,,,,,,,,
8492,0,0,,1,,78,1,10,3,3,7,3,2,2,,,,24,,24,25,25,21,9,9,9,32,,5,15,,,,,,11,,,,,,,,
8493,0,0,,1,,77,1,10,1,2,5.5,3,2,,,,,24,,,41,45,46,7,9,9,20,,,,,,,,,11,,,,,,,,
8494,0,0,,1,,77,1,10,1,2,5.5,2,2,2,,,,24,,,42,42,32,9,9,9,21,,,,,,,,,11,,,,,,,,
8497,0,0,,1,,96,1,21,2,3,3.8,3,2,,34,16,,20,22,6,29,29,29,8,8,8,,,5,83,,,,,,11,,,,,,,,
8498,0,0,,1,,97,1,21,2,3,9.8,3,2,2,,,,28,,20,39,39,39,9,9,9,35,,5,15,,,,,,11,,,,,,,,
8499,0,0,,1,,98,1,21,2,3,9.8,3,2,2,,,,28,,20,39,39,39,9,9,9,35,,5,15,,,,,,11,,,,,,,,
8500,1,0,加水攻60%,1,,,,,,,,,,,,,,,,,60,,,,,,,,,,,,,,,,,,,,,,,
8501,1,0,加火攻60%,1,,,,,,,,,,,,,,,,,,60,,,,,,,,,,,,,,,,,,,,,,
8502,1,0,加毒攻60%,1,,,,,,,,,,,,,,,,,,,60,,,,,,,,,,,,,,,,,,,,,
8503,1,0,加三攻25%,1,,,,,,,,,,,,,,,,,25,25,25,,,,,,,,,,,,,,,,,,,,,
8504,0,0,,1,,50,1,10,3,2,2.8,2,2,2,23,10,,,22,,25,25,25,,,,,50,5,22,,,,,,,,,,,,,,
8505,0,0,,1,,50,1,10,3,3,3.8,3,2,,23,10,,,22,,25,25,25,,,,,50,5,22,,,,,,,,,,,,,,
8506,0,0,,1,,50,1,10,3,3,3.8,3,2,,23,10,,,22,,25,25,25,,,,,50,5,22,,,,,,,,,,,,,,
8507,0,0,,1,,50,1,10,3,3,3.8,,2,,23,10,,,22,,25,25,25,,,,,50,5,,,,,,,,,,,,,,,
8508,0,0,,1,,50,1,10,3,3,3.8,3,2,,23,10,,,22,,25,25,25,,,,,50,,22,,,,,,,,,,,,,,
8509,0,0,,1,,50,1,10,3,,3.8,3,3,,23,10,,,22,,25,,25,,,,,50,5,22,,,,,,,,,,,,,,
8510,0,0,,1,,50,1,10,3,,3.8,3,2,,23,10,,,22,,25,25,,,,,,50,5,22,,,,,,,,,,,,,,
8511,0,0,,1,,50,1,10,3,3,3.8,,3,,23,10,,,22,,,25,25,,,,,50,5,22,,,,,,,,,,,,,,
8512,0,0,,1,,51,1,10,2,3,4,3,2,,23,10,10,,22,,,31,36,,,,,50,5,22,,,,,,,,,,,,,,
8513,0,0,,1,,51,1,10,2,3,4,3,2,,23,10,10,,22,,36,,31,,,,,50,5,22,,,,,,,,,,,,,,
8514,0,0,,1,,51,1,10,2,3,4,3,2,,23,10,10,,22,,31,36,,,,,,50,5,22,,,,,,,,,,,,,,
8515,0,0,,1,,51,1,10,2,3,4,3,2,,23,10,10,,22,,33,36,33,,,,,50,5,22,,,,,,,,,,,,,,
8516,0,0,,1,,51,1,10,2,,4,3,2,,23,10,10,,22,,36,36,36,,,,,50,5,22,,,,,,,,,,,,,,
8517,0,0,,1,,51,1,21,2,3,4,3,2,2,23,10,10,,22,,33,33,33,,,,,50,5,22,,,,,,,,,,,,,,
8518,0,0,,1,,51,1,21,2,2,4,3,2,,23,10,10,,22,,33,36,36,,,,,50,5,22,,,,,,,,,,,,,,
8519,0,0,,1,,51,1,21,2,3,4,2,2,,23,10,10,,22,,36,36,33,,,,,50,5,22,,,,,,,,,,,,,,
8520,0,0,,1,,51,1,21,2,3,3.8,3,2,,23,10,10,,22,,36,33,36,,,,,50,5,22,,,,,,,,,,,,,,
8521,0,0,,1,,51,1,21,2,3,4,3,2,,23,10,10,,22,,36,36,36,,,,,50,5,22,,,,,,,,,,,,,,
8522,0,0,,1,,52,1,10,2,3,4.1,3.8,,,23,10,10,10,26,,40,40,40,,,,,50,5,22,,,,,,4,,,,,,10,,
8523,0,0,,1,,52,1,10,2,,4.2,3.8,2,,23,10,10,10,26,,40,,40,1,1,1,,50,5,22,,,,,,4,,,,,,10,,
8524,0,0,,1,,52,1,10,2,3,4.3,3.8,2,,23,10,10,10,26,,40,40,,1,1,1,,50,5,22,,,,,,4,,,,,,10,,
8525,0,0,,1,,52,1,10,2,,4.4,3.8,2,,23,10,10,10,26,,,40,40,1,1,1,,50,5,22,,,,,,4,,,,,,10,,
8526,0,0,,1,,52,1,10,2,3,4.5,3.8,2,,23,10,10,10,26,,40,40,40,1,1,1,,50,5,22,,,,,,4,,,,,,10,,
8527,0,0,,1,,52,1,21,2,3,4.2,3.8,2,,23,10,10,10,26,,37,37,37,1,1,1,,50,5,22,,,,,,4,,,,,,10,,
8528,0,0,,1,,52,1,21,2,3,4.1,3.8,2,,23,10,10,10,26,,40,36,40,1,1,1,,50,5,22,,,,,,4,,,,,,10,,
8529,0,0,,1,,52,1,21,2,3,4.4,3.8,2,,23,10,10,10,26,,40,40,36,1,1,1,,50,5,22,,,,,,4,,,,,,10,,
8530,0,0,,1,,52,1,21,2,3,4.4,3.6,2,,23,10,10,10,26,,36,40,40,1,1,1,,50,5,22,,,,,,4,,,,,,10,,
8531,0,0,,1,,52,1,21,2,3,4.5,3.8,2,,23,10,10,10,26,,40,40,40,1,1,1,,50,5,22,,,,,,4,,,,,,10,,
8532,0,0,,1,,53,1,10,2,3,5.4,4.8,,,23,10,10,15,31,,,41,41,1,1,1,,50,5,22,,,,,,4,,,,,,10,,
8533,0,0,,1,,53,1,10,2,,5.5,4.8,2,,23,10,10,15,31,,45,,45,1,1,1,,50,5,22,,,,,,4,,,,,,10,,
8534,0,0,,1,,53,1,10,2,3,5.6,4.8,2,,23,10,10,15,31,,45,45,,1,1,1,,50,5,22,,,,,,4,,,,,,10,,
8535,0,0,,1,,53,1,10,2,3,5.7,4.8,2,,23,10,10,15,31,,41,45,45,,,,,50,5,22,,,,,,4,,,,,,10,,
8536,0,0,,1,,53,1,10,2,3,5.8,4.8,2,,23,10,10,15,31,,45,45,45,1,1,1,,50,5,22,,,,,,4,,,,,,10,,
8537,0,0,,1,,53,1,21,2,3,5.4,4.8,2,,23,10,10,15,31,,41,45,45,1,1,1,,50,5,22,,,,,,4,,,,,,10,,
8539,0,0,,1,,53,1,21,2,3,5.6,4.8,2,,23,10,10,15,31,,45,45,41,1,1,1,,50,5,22,,,,,,4,,,,,,10,,
8540,0,0,,1,,53,1,21,2,3,5.7,4.8,2,,23,10,10,15,31,,41,41,41,1,1,1,,50,5,22,,,,,,4,,,,,,10,,
8541,0,0,,1,,53,1,21,2,3,5.8,4.8,2,,23,10,10,15,31,,45,45,45,1,1,1,,50,5,22,,,,,,4,,,,,,10,,
8542,0,0,,1,,54,1,10,2,,6.5,4.8,2,,23,10,10,15,31,,,55,55,1,1,1,,50,5,22,,,,,,4,,,,,,10,,
8543,0,0,,1,,54,1,10,2,3,6.6,4.8,,,23,10,10,15,31,,55,,55,1,1,1,,50,5,22,,,,,,4,,,,,,10,,
8544,0,0,,1,,54,1,10,2,3,6.7,4.8,2,,23,10,10,15,31,,55,55,,1,1,1,,50,5,22,,,,,,4,,,,,,10,,
8545,0,0,,1,,54,1,10,2,3,6.8,4.8,2,,23,10,10,15,31,,50,50,50,1,1,1,,50,5,22,,,,,,4,,,,,,10,,
8546,0,0,,1,,54,1,10,2,3,7,4.8,2,,23,10,10,15,31,,55,55,55,1,1,1,,50,5,22,,,,,,4,,,,,,10,,
8547,0,0,,1,,54,1,21,2,3,6.6,4.8,2,,23,10,10,15,31,,55,51,55,1,1,1,,50,5,22,,,,,,4,,,,,,10,,
8548,0,0,,1,,54,1,21,2,3,6.7,4.8,2,,23,10,10,15,31,,55,55,51,1,1,1,,50,5,22,,,,,,4,,,,,,10,,
8549,0,0,,1,,54,1,21,2,3,6.8,4.8,2,,23,10,10,15,31,,51,55,55,1,1,1,,50,5,22,,,,,,4,,,,,,10,,
8550,0,0,,1,,54,1,21,2,3,6.9,4.8,2,,23,10,10,15,31,,51,51,51,1,1,1,,50,5,22,,,,,,4,,,,,,10,,
8551,0,0,,1,,54,1,21,2,3,7,4.8,2,,23,10,10,15,31,,55,55,55,1,1,1,,50,5,22,,,,,,4,,,,,,10,,
8552,0,0,,1,,51,1,21,2,3,4,3,2,,23,10,10,,22,,36,36,36,,,,,50,5,22,,,,,,,,,,,,,1699,
8553,0,0,,1,,52,1,21,2,3,4.5,3.8,2,,23,10,10,10,26,,40,40,40,1,1,1,,50,5,22,,,,,,4,,,,,,10,1700,
8554,0,0,,1,,53,1,21,2,3,5.8,4.8,2,,23,10,10,15,31,,45,45,45,1,1,1,,50,5,22,,,,,,4,,,,,,10,1701,
8555,0,0,,1,,54,1,21,2,3,7,4.8,2,,23,10,10,15,31,,55,55,55,1,1,1,,50,5,22,,,,,,4,,,,,,10,1702,
8556,0,0,,1,,55,1,10,2,3,5.8,4.8,2,,23,10,10,15,29,,55,55,55,1,1,1,,50,5,22,,,,,,4,,,,,,10,,
8557,0,0,,1,,,1,10,2,3,5.8,4.8,2,,34,10,10,15,21,,48,48,48,9,9,9,,,5,83,,,,,,15,,,,,,10,,
8558,0,0,,1,,,1,10,2,3,5.8,4.8,2,,34,16,10,35,31,,48,48,48,9,9,9,,,5,83,,,,,,15,,,,,,10,,
8559,0,0,,1,,58,1,10,2,3,11.8,4.8,2,2,,,,43,9,20,58,58,58,10,10,10,35,,5,15,,,,,,15,,,,,,10,,
8560,0,0,,1,,59,1,10,2,3,8.6,3.3,2,,,,,43,19,,81,81,81,9,9,9,23,,5,,,,,,,15,,,,,,10,,
8561,0,0,,1,,55,1,21,2,3,5.8,4.8,2,,23,10,10,18,31,,55,55,55,1,1,1,,50,5,22,,,,,,4,,,,,,10,,
8562,0,0,,1,,56,1,21,2,3,5.8,4.8,2,,34,10,10,18,21,,48,48,48,12,12,12,,,5,83,,,,,,15,,,,,,10,,
8563,0,0,,1,,57,1,21,2,3,5.8,4.8,2,2,34,16,10,35,31,,48,48,48,9,9,9,,,5,83,,,,,,15,,,,,,10,,
8564,0,0,,1,,58,1,21,2,3,11.8,4.8,4,2,,,,43,9,10,58,58,58,12,12,12,35,,5,15,,,,,,15,,,,,,10,,
8565,0,0,,1,,59,1,21,2,3,8.6,3.3,4,,,,8,43,19,,88,88,88,13,13,13,23,,5,,,,,,,15,,,,,,10,,
8566,1,0,加水攻60%,1,,,,,,,,,,,,,,,,,70,,,,,,,,,,,,,,,,,,,,,,,
8567,1,0,加火攻60%,1,,,,,,,,,,,,,,,,,,70,,,,,,,,,,,,,,,,,,,,,,
8568,1,0,加毒攻60%,1,,,,,,,,,,,,,,,,,,,70,,,,,,,,,,,,,,,,,,,,,
8569,1,0,加水攻60%,1,,,,,,,,,,,,,,,,,80,,,,,,,,,,,,,,,,,,,,,,,
8570,1,0,加火攻60%,1,,,,,,,,,,,,,,,,,,80,,,,,,,,,,,,,,,,,,,,,,
8571,1,0,加毒攻60%,1,,,,,,,,,,,,,,,,,,,80,,,,,,,,,,,,,,,,,,,,,
8572,0,0,,1,,100,1,21,2,3,5.8,4.8,2,,34,10,10,18,21,,48,48,48,12,12,12,,,5,83,,,,,,15,,,,,,10,,
8573,0,0,,1,,,1,21,2,3,5.8,4.8,2,,34,10,10,18,21,,48,48,48,12,12,12,,,5,83,12,,,,,15,,,,,,10,,
8574,0,0,,1,,,1,21,2,3,5.8,4.8,2,,34,10,10,18,21,,48,48,48,12,12,12,,,5,83,,,12,,,15,,,,,,10,,
8575,0,0,,1,,,1,21,2,3,5.8,4.8,2,,34,10,10,18,21,,48,48,48,12,12,12,,,5,83,,,12,,,15,,,,,,10,,
8576,0,0,,1,,,1,21,2,3,5.8,4.8,2,,34,10,10,18,21,,48,48,48,12,12,12,,,5,83,,,,12,,15,,,,,,10,,
8577,0,0,,1,,,1,21,2,3,5.8,4.8,2,,34,10,10,18,21,,48,48,48,12,12,12,,,5,83,,,,,12,15,,,,,,10,,
8578,0,0,,1,,101,1,21,2,3,5.8,4.8,2,,34,16,10,35,31,,48,48,48,9,9,9,,,5,83,,,,,,15,,,,,,10,,
8579,0,0,,1,,,1,21,2,3,5.8,4.8,2,,34,16,10,35,31,,48,48,48,9,9,9,,,5,83,12,,,,,15,,,,,,10,,
8580,0,0,,1,,,1,21,2,3,5.8,4.8,2,,34,16,10,35,31,,48,48,48,9,9,9,,,5,83,,,12,,,15,,,,,,10,,
8581,0,0,,1,,,1,21,2,3,5.8,4.8,2,,34,16,10,35,31,,48,48,48,9,9,9,,,5,83,,,12,,,15,,,,,,10,,
8582,0,0,,1,,,1,21,2,3,5.8,4.8,2,,34,16,10,35,31,,48,48,48,9,9,9,,,5,83,,,,12,,15,,,,,,10,,
8583,0,0,,1,,,1,21,2,3,5.8,4.8,2,,34,16,10,35,31,,48,48,48,9,9,9,,,5,83,,,,,12,15,,,,,,10,,
8584,0,0,白金,1,,100,1,31,2,3,5.8,5.28,2.2,,37.4,11,10,19.8,23.1,,52.8,52.8,52.8,13.2,13.2,13.2,,,5,91.3,,,,,,16.5,,,,,,11,,
8585,0,0,,1,,53,1,21,2,3,5.5,4.8,2,,23,10,10,15,31,,45,41,45,1,1,1,,50,5,22,,,,,,4,,,,,,10,,
8586,0,0,白金,1,,100,1,31,2,3,5.8,5.28,2.2,,37.4,11,10,19.8,23.1,,52.8,52.8,52.8,13.2,13.2,13.2,,,5,91.3,,,12,,,16.5,,,,,,11,,
8587,0,0,白金,1,,100,1,31,2,3,5.8,5.28,2.2,,37.4,11,10,19.8,23.1,,52.8,52.8,52.8,13.2,13.2,13.2,,,5,91.3,,,12,,,16.5,,,,,,11,,
8588,0,0,白金,1,,100,1,31,2,3,5.8,5.28,2.2,,37.4,11,10,19.8,23.1,,52.8,52.8,52.8,13.2,13.2,13.2,,,5,91.3,,,,12,,16.5,,,,,,11,,
8589,0,0,白金,1,,100,1,31,2,3,5.8,5.28,2.2,,37.4,11,10,19.8,23.1,,52.8,52.8,52.8,13.2,13.2,13.2,,,5,91.3,,,,,12,16.5,,,,,,11,,
8590,0,0,白金,1,,100,1,31,2,3,5.8,5.28,2.2,,37.4,11,10,19.8,23.1,,52.8,52.8,52.8,13.2,13.2,13.2,,,5,91.3,,,,,,16.5,,,,,20,11,,
8591,0,0,白金,1,,100,1,31,2,3,5.8,5.28,2.2,,37.4,11,10,19.8,23.1,12,52.8,52.8,52.8,13.2,13.2,13.2,,,5,91.3,,,,,,16.5,,,,,,11,,
8595,0,0,白金,1,,101,1,31,2,3,5.8,5.28,2.2,,37.4,17.6,10,38.5,34.1,,52.8,52.8,52.8,9.9,9.9,9.9,,,5,91.3,,,,,,16.5,,,,,,11,,
8596,0,0,白金,1,,101,1,31,2,3,5.8,5.28,2.2,,37.4,17.6,10,38.5,34.1,,52.8,52.8,52.8,9.9,9.9,9.9,,,5,91.3,12,,,,,16.5,,,,,,11,,
8597,0,0,白金,1,,101,1,31,2,3,5.8,5.28,2.2,,37.4,17.6,10,38.5,34.1,,52.8,52.8,52.8,9.9,9.9,9.9,,,5,91.3,,,12,,,16.5,,,,,,11,,
8598,0,0,白金,1,,101,1,31,2,3,5.8,5.28,2.2,,37.4,17.6,10,38.5,34.1,,52.8,52.8,52.8,9.9,9.9,9.9,,,5,91.3,,,12,,,16.5,,,,,,11,,
8599,0,0,白金,1,,101,1,31,2,3,5.8,5.28,2.2,,37.4,17.6,10,38.5,34.1,,52.8,52.8,52.8,9.9,9.9,9.9,,,5,91.3,,,,12,,16.5,,,,,,11,,
8600,0,0,白金,1,,101,1,31,2,3,5.8,5.28,2.2,,37.4,17.6,10,38.5,34.1,,52.8,52.8,52.8,9.9,9.9,9.9,,,5,91.3,,,,,12,16.5,,,,,,11,,
8601,0,0,白金,1,,101,1,31,2,3,5.8,5.28,2.2,,37.4,17.6,10,38.5,34.1,,52.8,52.8,52.8,9.9,9.9,9.9,,,5,91.3,,,,,,16.5,,,,,20,11,,
8602,0,0,白金,1,,101,1,31,2,3,5.8,5.28,2.2,,37.4,17.6,10,38.5,34.1,12,52.8,52.8,52.8,9.9,9.9,9.9,,,5,91.3,,,,,,16.5,,,,,,11,,
8603,0,0,白金,1,,100,1,31,2,3,5.8,5.28,2.2,,37.4,11,10,19.8,23.1,,52.8,52.8,52.8,13.2,13.2,13.2,,,5,91.3,12,,,,,16.5,,,,,,11,,
8604,0,0,,1,,,1,21,2,3,3.8,3,2,,34,16,,20,22,6,29,29,29,8,8,8,,,5,83,12,,,,,11,,,,,,,,
8605,0,0,,1,,,1,21,2,3,3.8,3,2,,34,16,,20,22,6,29,29,29,8,8,8,,,5,83,,,12,,,11,,,,,,,,
8606,0,0,,1,,,1,21,2,3,3.8,3,2,,34,16,,20,22,6,29,29,29,8,8,8,,,5,83,,,12,,,11,,,,,,,,
8607,0,0,,1,,,1,21,2,3,3.8,3,2,,34,16,,20,22,6,29,29,29,8,8,8,,,5,83,,,,12,,11,,,,,,,,
8608,0,0,,1,,,1,21,2,3,3.8,3,2,,34,16,,20,22,6,29,29,29,8,8,8,,,5,83,,,,,12,11,,,,,,,,
8609,0,0,,1,,102,1,21,2,3,3.8,3,2,,34,16,,20,22,6,29,29,29,8,8,8,,,5,83,,,,,,11,,,,,,,,
8610,0,0,,1,,,1,21,2,3,3.8,3,2,,34,10,10,,12,,29,29,29,8,8,8,,,5,83,12,,,,,11,,,,,,,,
8611,0,0,,1,,,1,21,2,3,3.8,3,2,,34,10,10,,12,,29,29,29,8,8,8,,,5,83,,,12,,,11,,,,,,,,
8612,0,0,,1,,,1,21,2,3,3.8,3,2,,34,10,10,,12,,29,29,29,8,8,8,,,5,83,,,12,,,11,,,,,,,,
8613,0,0,,1,,,1,21,2,3,3.8,3,2,,34,10,10,,12,,29,29,29,8,8,8,,,5,83,,,,12,,11,,,,,,,,
8614,0,0,,1,,,1,21,2,3,3.8,3,2,,34,10,10,,12,,29,29,29,8,8,8,,,5,83,,,,,12,11,,,,,,,,
8615,0,0,,1,,103,1,21,2,3,3.8,3,2,,34,10,10,,12,,29,29,29,8,8,8,,,5,83,,,,,,11,,,,,,,,
8616,0,0,黄金,1,1.5,102,1,31,2,3,3.8,4.5,3,,51,24,,30,33,9,43.5,43.5,43.5,12,12,12,,,5,124.5,,,,,,16.5,,,,,,,,
8617,0,0,黄金,1,1.5,102,1,31,2,3,3.8,4.5,3,,51,24,,30,33,9,43.5,43.5,43.5,12,12,12,,,5,124.5,,,12,,,16.5,,,,,,,,
8618,0,0,黄金,1,1.5,102,1,31,2,3,3.8,4.5,3,,51,24,,30,33,9,43.5,43.5,43.5,12,12,12,,,5,124.5,,,12,,,16.5,,,,,,,,
8619,0,0,黄金,1,1.5,102,1,31,2,3,3.8,4.5,3,,51,24,,30,33,9,43.5,43.5,43.5,12,12,12,,,5,124.5,,,,12,,16.5,,,,,,,,
8620,0,0,黄金,1,1.5,102,1,31,2,3,3.8,4.5,3,,51,24,,30,33,9,43.5,43.5,43.5,12,12,12,,,5,124.5,12,,,,,16.5,,,,,,,,
8621,0,0,黄金,1,1.5,102,1,31,2,3,3.8,4.5,3,,51,24,,30,33,9,43.5,43.5,43.5,12,12,12,,,5,124.5,,,,,12,16.5,,,,,,,,
8622,0,0,黄金,1,1.5,103,1,31,2,3,3.8,4.5,3,,51,15,10,,18,,43.5,43.5,43.5,12,12,12,,,5,124.5,,,,,,16.5,,,,,,,,
8623,0,0,黄金,1,1.5,103,1,31,2,3,3.8,4.5,3,,51,15,10,,18,,43.5,43.5,43.5,12,12,12,,,5,124.5,12,,,,,16.5,,,,,,,,
8624,0,0,黄金,1,1.5,103,1,31,2,3,3.8,4.5,3,,51,15,10,,18,,43.5,43.5,43.5,12,12,12,,,5,124.5,,,12,,,16.5,,,,,,,,
8625,0,0,黄金,1,1.5,103,1,31,2,3,3.8,4.5,3,,51,15,10,,18,,43.5,43.5,43.5,12,12,12,,,5,124.5,,,12,,,16.5,,,,,,,,
8626,0,0,黄金,1,1.5,103,1,31,2,3,3.8,4.5,3,,51,15,10,,18,,43.5,43.5,43.5,12,12,12,,,5,124.5,,,,12,,16.5,,,,,,,,
8627,0,0,黄金,1,1.5,103,1,31,2,3,3.8,4.5,3,,51,15,10,,18,,43.5,43.5,43.5,12,12,12,,,5,124.5,,,,,12,16.5,,,,,,,,
8628,0,0,,1,,104,1,10,3,3,3.8,3,2,,24,10,,,31,,29,29,29,,,,,,5,33,,,,,,,,,,,,,,
8629,0,0,,1,,104,1,10,3,3,3.8,3,2,,24,10,,,31,,29,29,29,,,,,,5,33,12,,,,,,,,,,,,,
8630,0,0,,1,,104,1,10,3,3,3.8,3,2,,24,10,,,31,,29,29,29,,,,,,5,33,,,12,,,,,,,,,,,
8631,0,0,,1,,104,1,10,3,3,3.8,3,2,,24,10,,,31,,29,29,29,,,,,,5,33,,,12,,,,,,,,,,,
8632,0,0,,1,,104,1,10,3,3,3.8,3,2,,24,10,,,31,,29,29,29,,,,,,5,33,,,,12,,,,,,,,,,
8633,0,0,,1,,104,1,10,3,3,3.8,3,2,,24,10,,,31,,29,29,29,,,,,,5,33,,,,,12,,,,,,,,,
8634,0,0,,1,,105,1,10,3,3,3.8,3,2,,24,10,,,22,,29,29,29,,,,,,5,33,,,,,,,,,,,,,,
8635,0,0,,1,,105,1,10,3,3,3.8,3,2,,24,10,,,22,,29,29,29,,,,,,5,33,12,,,,,,,,,,,,,
8636,0,0,,1,,105,1,10,3,3,3.8,3,2,,24,10,,,22,,29,29,29,,,,,,5,33,,,12,,,,,,,,,,,
8637,0,0,,1,,105,1,10,3,3,3.8,3,2,,24,10,,,22,,29,29,29,,,,,,5,33,,,12,,,,,,,,,,,
8638,0,0,,1,,105,1,10,3,3,3.8,3,2,,24,10,,,22,,29,29,29,,,,,,5,33,,,,12,,,,,,,,,,
8639,0,0,,1,,105,1,10,3,3,3.8,3,2,,24,10,,,22,,29,29,29,,,,,,5,33,,,,,12,,,,,,,,,
8640,0,0,非会员,1,,104,1,30,3,3,3.8,5.4,3.6,,43.2,18,,,55.8,,52.2,52.2,52.2,,,,,,5,59.4,,,,,,,,,,,,,,
8641,0,0,非会员,1,,104,1,30,3,3,3.8,5.4,3.6,,43.2,18,,,55.8,,52.2,52.2,52.2,,,,,,5,59.4,12,,,,,,,,,,,,,
8642,0,0,非会员,1,,104,1,30,3,3,3.8,5.4,3.6,,43.2,18,,,55.8,,52.2,52.2,52.2,,,,,,5,59.4,,,12,,,,,,,,,,,
8643,0,0,非会员,1,,104,1,30,3,3,3.8,5.4,3.6,,43.2,18,,,55.8,,52.2,52.2,52.2,,,,,,5,59.4,,,12,,,,,,,,,,,
8644,0,0,非会员,1,,104,1,30,3,3,3.8,5.4,3.6,,43.2,18,,,55.8,,52.2,52.2,52.2,,,,,,5,59.4,,,,12,,,,,,,,,,
8645,0,0,非会员,1,,104,1,30,3,3,3.8,5.4,3.6,,43.2,18,,,55.8,,52.2,52.2,52.2,,,,,,5,59.4,,,,,12,,,,,,,,,
8646,0,0,黄金,1,1.5,105,1,30,3,3,3.8,4.5,3,,36,15,,,33,,43.5,43.5,43.5,,,,,,5,49.5,,,,,,,,,,,,,,
8647,0,0,黄金,1,1.5,105,1,30,3,3,3.8,4.5,3,,36,15,,,33,,43.5,43.5,43.5,,,,,,5,49.5,12,,,,,,,,,,,,,
8648,0,0,黄金,1,1.5,105,1,30,3,3,3.8,4.5,3,,36,15,,,33,,43.5,43.5,43.5,,,,,,5,49.5,,,12,,,,,,,,,,,
8649,0,0,黄金,1,1.5,105,1,30,3,3,3.8,4.5,3,,36,15,,,33,,43.5,43.5,43.5,,,,,,5,49.5,,,12,,,,,,,,,,,
8650,0,0,黄金,1,1.5,105,1,30,3,3,3.8,4.5,3,,36,15,,,33,,43.5,43.5,43.5,,,,,,5,49.5,,,,12,,,,,,,,,,
8651,0,0,黄金,1,1.5,105,1,30,3,3,3.8,4.5,3,,36,15,,,33,,43.5,43.5,43.5,,,,,,5,49.5,,,,,12,,,,,,,,,
8652,0,0,,1,,100,1,10,2,3,5.8,4.8,2,,34,10,10,18,21,,48,48,48,12,12,12,,,5,83,,,,,,15,,,,,,10,,
8653,0,0,,1,,101,1,10,2,3,5.8,4.8,2,,34,16,10,35,31,,48,48,48,9,9,9,,,5,83,,,,,,15,,,,,,10,,
8654,0,0,,1,,102,1,10,2,3,3.8,3,2,,34,16,,20,22,6,29,29,29,8,8,8,,,5,83,12,,,,,11,,,,,,,,
8655,0,0,,1,,103,1,10,2,3,3.8,3,2,,34,10,10,,12,,29,29,29,8,8,8,,,5,83,12,,,,,11,,,,,,,,
8656,0,0,,1,,106,1,10,2,3,5.8,4.8,2,,23,10,10,15,29,,55,55,55,1,1,1,,50,5,22,,,,,,4,,,,,,10,,
8657,0,0,,1,,106,1,21,2,3,5.8,4.8,2,,23,10,10,18,31,,55,55,55,1,1,1,,50,5,22,,,,,,4,,,,,,10,,
8658,0,0,白金,1,,106,1,31,2,3,5.8,5.28,2.2,,25.3,11,11,19.8,34.1,,70.5,60.5,60.5,1.1,1.1,1.1,,55,5,24.2,,,,,,4.4,,,,,,11,,
8659,0,0,白金,1,,106,1,31,2,3,5.8,5.28,2.2,,25.3,11,11,19.8,34.1,,60.5,70.5,60.5,1.1,1.1,1.1,,55,5,24.2,,,,,,4.4,,,,,,11,,
8660,0,0,白金,1,,106,1,31,2,3,5.8,5.28,2.2,,25.3,11,11,19.8,34.1,,60.5,60.5,70.5,1.1,1.1,1.1,,55,5,24.2,,,,,,4.4,,,,,,11,,
8661,0,0,白金,1,,106,1,31,2,3,5.8,5.28,2.2,,25.3,11,11,19.8,34.1,,65.5,65.5,60.5,1.1,1.1,1.1,,55,5,24.2,,,,,,4.4,,,,,,11,,
8662,0,0,白金,1,,106,1,31,2,3,5.8,5.28,2.2,,25.3,11,11,19.8,34.1,,60.5,65.5,65.5,1.1,1.1,1.1,,55,5,24.2,,,,,,4.4,,,,,,11,,
8663,0,0,白金,1,,106,1,31,2,3,5.8,5.28,2.2,,25.3,11,11,19.8,34.1,,65.5,60.5,65.5,1.1,1.1,1.1,,55,5,24.2,,,,,,4.4,,,,,,11,,
8664,0,0,白金,1,,106,1,31,2,3,5.8,5.28,2.2,,25.3,11,11,19.8,34.1,,65.5,65.5,65.5,1.1,1.1,1.1,,55,5,24.2,,,,,,4.4,,,,,,11,,
8665,0,0,白金,1,,106,1,31,2,3,6.8,5.28,2.2,,25.3,11,11,19.8,34.1,,60.5,60.5,60.5,1.1,1.1,1.1,,55,5,24.2,,,,,,4.4,,,,,,11,,
8666,0,0,白金,1,,106,1,31,2,3,5.8,6.28,2.2,,25.3,11,11,19.8,34.1,,60.5,60.5,60.5,1.1,1.1,1.1,,55,5,24.2,,,,,,4.4,,,,,,11,,
8667,0,0,白金,1,,106,1,31,2,3,5.8,5.28,3.2,,25.3,11,11,19.8,34.1,,60.5,60.5,60.5,1.1,1.1,1.1,,55,5,24.2,,,,,,4.4,,,,,,11,,
8668,0,0,白金,1,,106,1,31,2,3,5.8,5.28,2.2,,25.3,11,11,19.8,34.1,,60.5,60.5,60.5,1.1,1.1,1.1,,55,5,24.2,,,,,,4.4,,,,,,11,,
8669,0,0,白金,1,,106,1,31,2,3,5.8,5.28,2.2,,25.3,11,11,19.8,34.1,,60.5,60.5,60.5,1.1,1.1,1.1,,55,5,24.2,,,,,,4.4,,,,,,11,,
8670,0,0,白金,1,,106,1,31,2,3,5.8,5.28,2.2,,25.3,11,20,19.8,34.1,,60.5,60.5,60.5,1.1,1.1,1.1,,55,5,24.2,,,,,,4.4,,,,,,11,,
8671,0,0,白金,1,,106,1,31,2,3,5.8,5.28,2.2,,25.3,11,11,39.8,34.1,,60.5,60.5,60.5,1.1,1.1,1.1,,55,5,24.2,,,,,,4.4,,,,,,11,,
8672,0,0,白金,1,,106,1,31,2,3,5.8,5.28,2.2,,25.3,11,11,19.8,44.1,,60.5,60.5,60.5,1.1,1.1,1.1,,55,5,24.2,,,,,,4.4,,,,,,11,,
8673,0,0,白金,1,,106,1,31,2,3,5.8,5.28,2.2,,25.3,11,11,19.8,34.1,,60.5,60.5,60.5,1.1,1.1,1.1,,55,5,24.2,,,,,,4.4,,,,,,11,,
8674,0,0,白金,1,,106,1,31,2,3,5.8,5.28,2.2,,25.3,11,11,19.8,34.1,,60.5,60.5,60.5,1.1,1.1,1.1,,55,5,44.2,,,,,,4.4,,,,,,11,,
8675,0,0,,1,,107,1,10,2,3,3.8,3,2,,23,10,10,,22,,36,36,36,,,,,50,5,22,,,,,,,,,,,,,,
8676,0,0,,1,,107,1,21,2,3,3.8,3,2,,23,10,10,,22,,36,36,36,,,,,50,5,22,,,,,,,,,,,,,,
8677,0,0,黄金,1,1.5,107,1,31,2,3,3.8,4.5,3,,34.5,15,15,,33,,64,54,54,,,,,75,5,33,,,,,,,,,,,,,,
8678,0,0,黄金,1,1.5,107,1,31,2,3,3.8,4.5,3,,34.5,15,15,,33,,54,64,54,,,,,75,5,33,,,,,,,,,,,,,,
8679,0,0,黄金,1,1.5,107,1,31,2,3,3.8,4.5,3,,34.5,15,15,,33,,54,54,64,,,,,75,5,33,,,,,,,,,,,,,,
8680,0,0,黄金,1,1.5,107,1,31,2,3,3.8,4.5,3,,34.5,15,15,,33,,54,59,59,,,,,75,5,33,,,,,,,,,,,,,,
8681,0,0,黄金,1,1.5,107,1,31,2,3,3.8,4.5,3,,34.5,15,15,,33,,59,59,54,,,,,75,5,33,,,,,,,,,,,,,,
8682,0,0,黄金,1,1.5,107,1,31,2,3,3.8,4.5,3,,34.5,15,15,,33,,59,54,59,,,,,75,5,33,,,,,,,,,,,,,,
8683,0,0,黄金,1,1.5,107,1,31,2,3,3.8,4.5,3,,34.5,15,15,,33,,59,59,59,,,,,75,5,33,,,,,,,,,,,,,,
8684,0,0,黄金,1,1.5,107,1,31,2,3,3.8,4.5,3,,34.5,15,15,,33,,54,54,54,,,,,75,5,33,,,,,,,,,,,,,,
8685,0,0,黄金,1,1.5,107,1,31,2,3,4.8,4.5,3,,34.5,15,15,,33,,54,54,54,,,,,75,5,33,,,,,,,,,,,,,,
8686,0,0,黄金,1,1.5,107,1,31,2,3,3.8,6.5,3,,34.5,15,15,,33,,54,54,54,,,,,75,5,33,,,,,,,,,,,,,,
8687,0,0,黄金,1,1.5,107,1,31,2,3,3.8,4.5,4,,34.5,15,15,,33,,54,54,54,,,,,75,5,33,,,,,,,,,,,,,,
8688,0,0,黄金,1,1.5,107,1,31,2,3,3.8,4.5,3,,34.5,15,15,,33,,54,54,54,,,,,75,5,33,,,,,,,,,,,,,,
8689,0,0,黄金,1,1.5,107,1,31,2,3,3.8,4.5,3,,34.5,15,25,,33,,54,54,54,,,,,75,5,33,,,,,,,,,,,,,,
8690,0,0,黄金,1,1.5,107,1,31,2,3,3.8,4.5,3,,34.5,15,15,,43,,54,54,54,,,,,75,5,33,,,,,,,,,,,,,,
8691,0,0,黄金,1,1.5,107,1,31,2,3,3.8,4.5,3,,34.5,15,15,,33,,54,54,54,,,,,75,5,33,,,,,,,,,,,,,,
8692,0,0,黄金,1,1.5,107,1,31,2,3,3.8,4.5,3,,34.5,15,15,,33,,54,54,54,,,,,75,5,43,,,,,,,,,,,,,,
8693,0,0,黄金,1,1.5,107,1,31,2,3,3.8,4.5,3,,44.5,15,15,,33,,54,54,54,,,,,75,5,33,,,,,,,,,,,,,,
8694,0,0,,1,,108,1,10,3,3,3.8,3,2,,23,10,,,22,,25,25,25,,,,,50,5,22,,,,,,,,,,,,,,
8695,0,0,,1,,108,1,10,3,3,3.8,3,2,,23,10,,,22,,25,25,25,,,,,50,5,22,,,,,,,,,,,,,,
8696,0,0,,1,,108,1,10,3,3,3.8,3,2,,23,10,,,22,,29,25,25,,,,,40,5,22,,,,,,,,,,,,,,
8697,0,0,,1,,108,1,10,3,3,3.8,3,2,,23,10,,,22,,28,25,25,,,,,50,5,22,,,,,,,,,,,,,,
8698,0,0,,1,,108,1,10,3,3,3.8,3,2,,23,10,,,22,,25,25,25,,,,,50,5,22,,,,,,,,,,,,,,
8699,0,0,,1,,108,1,10,3,3,3.8,3,2,,23,10,,,22,,25,34,25,,,,,50,5,22,,,,,,,,,,,,,,
8700,0,0,,1,,108,1,10,3,3,3.8,3,2,,23,10,,,22,,25,21,25,,,,,50,5,22,,,,,,,,,,,,,,
8701,0,0,非会员,1,,108,1,30,3,3,3.8,5.4,3.6,,41.4,18,,,39.6,,45,45,45,,,,,90,5,39.6,,,,,,,,,,,,,,
8702,0,0,非会员,1,,108,1,30,3,3,3.8,5.4,3.6,,41.4,18,,,39.6,,45,45,45,,,,,90,5,39.6,,,,,,,,,,,,,,
8703,0,0,非会员,1,,108,1,30,3,3,3.8,5.4,3.6,,41.4,18,,,39.6,,61.2,45,45,,,,,72,5,39.6,,,,,,,,,,,,,,
8704,0,0,非会员,1,,108,1,30,3,3,3.8,5.4,3.6,,41.4,18,,,39.6,,50.4,45,45,,,,,90,5,39.6,,,,,,,,,,,,,,
8705,0,0,非会员,1,,108,1,30,3,3,3.8,5.4,3.6,,41.4,18,,,39.6,,45,45,45,,,,,90,5,39.6,,,,,,,,,,,,,,
8706,0,0,非会员,1,,108,1,30,3,3,3.8,5.4,3.6,,41.4,18,,,39.6,,45,61.2,45,,,,,90,5,39.6,,,,,,,,,,,,,,
8707,0,0,非会员,1,,108,1,30,3,3,3.8,5.4,3.6,,41.4,18,,,39.6,,45,37.8,61.2,,,,,90,5,39.6,,,,,,,,,,,,,,
8708,0,1,宠物,1,,109,1,30,1,160,,160,,,,,100,,,,90,90,90,,,,,,,,,,,,,,,,,,,,,
8709,1,0,加水攻30%,1,,,,,,,,,,,,,,,,,50,,,,,,,,,,,,,,,,,,,,,,,
8710,1,0,加火攻30%,1,,,,,,,,,,,,,,,,,,50,,,,,,,,,,,,,,,,,,,,,,
8711,1,0,加毒攻30%,1,,,,,,,,,,,,,,,,,,,50,,,,,,,,,,,,,,,,,,,,,
8712,1,0,伤害35%,1,,,,,,,,,,,,,35,,,,,,,,,,,,,,,,,,,,,,,,,,,
8713,0,0,灵渊[阶段(1)],1,,81,1,21,1,,,,,,,,10,,,,,,,,,,,,,,,,,,,,,,,,,,,
8714,0,0,灵渊[阶段(2)],1,,81,1,21,1,,,,,,,10,10,,,,,,,,,,,,,,,,,,,,,,,,,,,
8715,0,0,灵渊[阶段(3)],1,,81,1,21,1,,,,,,35,10,10,,,,,,,,,,,,,,,,,,,,,,,,,,,
8716,0,0,灵渊[阶段(4)],1,,81,1,21,1,2,,,,,35,10,10,,,,,,,,,,,,,,,,,,,,,,,,,,,
8717,0,0,灵渊[阶段(5)],1,,81,1,21,1,2,2,,,,35,10,10,,,,,,,,,,,,,,,,,,,,,,,,,,,
8718,0,0,灵渊[阶段(6)],1,,81,1,21,1,2,2,2,,,35,10,10,,,,,,,,,,,,,,,,,,,,,,,,,,,
8723,0,0,幽水[阶段(1)],1,,82,1,21,1,,,,,,,,10,,,,,,,,,,,,,,,,,,,,,,,,,,,
8724,0,0,幽水[阶段(2)],1,,82,1,21,1,,,,,,,10,10,,,,,,,,,,,,,,,,,,,,,,,,,,,
8725,0,0,幽水[阶段(3)],1,,82,1,21,1,,,,,,,10,10,,,,11,,,,,,,,,,,,,,,,,,,,,,,
8726,0,0,幽水[阶段(4)],1,,82,1,21,1,,,,2,,,10,10,,,,13,,,,,,,,,,,,,,,,,,,,,,,
8727,0,0,幽水[阶段(5)],1,,82,1,21,1,,2,,2,,,10,10,,,,13,,,,,,,,,,,,,,,,,,,,,,,
8728,0,0,幽水[阶段(6)],1,,82,1,21,1,,2,2,2,,,10,10,,,,14,,,,,,,,,,,,,,,,,,,,,,,
8733,0,0,弑神[阶段(1)],1,,83,1,21,1,,,,,,,,,,,,20,,21,,,,,,,,,,,,,,,,,,,,,
8734,0,0,弑神[阶段(2)],1,,83,1,21,1,,,,,,,,,,,,20,,21,,,,,,5,,,,,,,,,,,,,,,
8735,0,0,弑神[阶段(3)],1,,83,1,21,1,,3,,,,,,,,,,20,,21,,,,,,5,,,,,,,,,,,,,,,
8736,0,0,弑神[阶段(4)],1,,83,1,21,1,,3,,,,,,,15,,,20,,21,,,,,,5,,,,,,,,,,,,,,,
8737,0,0,弑神[阶段(5)],1,,83,1,21,1,,3,3,,,,,,15,,,20,,21,,,,,,5,,,,,,,,,,,,,,,
8743,0,0,天琊[阶段(1)],1,,84,1,21,1,,,,,,,,,,,,20,,,,,,,,,,,,,,,,,,,,,,,
8744,0,0,天琊[阶段(2)],1,,84,1,21,1,,,,,,,,,,,,20,,,,,,,,5,,,,,,,,,,,,,,,
8745,0,0,天琊[阶段(3)],1,,84,1,21,1,,3,,,,,,,,,,20,,,,,,,,5,,,,,,,,,,,,,,,
8746,0,0,天琊[阶段(4)],1,,84,1,21,1,,3,,,,,,,15,,,20,,,,,,,,5,,,,,,,,,,,,,,,
8747,0,0,天琊[阶段(5)],1,,84,1,21,1,,3,3,,,,,,15,,,20,,,,,,,,5,,,,,,,,,,,,,,,
8748,0,0,天琊[阶段(6)],1,,84,1,21,1,,3,3,,,,,,15,,,20,,,,,,,,5,,,,,,,,,,,,,,,
8753,0,0,灵渊[阶段(7)],1,,81,1,21,1,2,2,,,,35,10,10,,,,,24,,,,,,,,100,,,,,,,,,,,,,,
8754,0,0,灵渊[阶段(8)],1,,81,1,21,1,3,2,2,,,35,10,10,,,,,24,,5,5,5,,,5,100,,,,,,,,,,,,,,
8755,0,0,灵渊[阶段(9)],1,,81,1,21,1,3,3,2,,,35,10,10,,,,,24,,5,5,5,,,5,100,,,,,,,,,,,,,,
8756,0,0,灵渊[阶段(10)],1,,81,1,21,1,3,3,3,,,35,10,10,,,,,24,,7,7,7,5,,5,100,,,,,,,,,,,,,,
8757,0,0,幽水[阶段(7)],1,,82,1,21,1,,2,2,,,,10,10,,,,24,12,,,,,,,,100,,,,,,,,,,,,,,
8758,0,0,幽水[阶段(8)],1,,82,1,21,1,,3,2,2,,,10,10,,,,24,12,23,5,5,5,,,5,100,,,,,,,,,,,,,,
8759,0,0,幽水[阶段(9)],1,,82,1,21,1,,3,3,2,,,10,10,,,,24,,23,5,5,5,,,5,100,,,,,,,,,,,,,,
8760,0,0,幽水[阶段(10)],1,,82,1,21,1,,3,3,3,,,10,10,,,,24,23,,7,7,7,5,,5,100,,,,,,,,,,,,,,
8761,0,0,弑神[阶段(7)],1,,83,1,21,1,,3,3,,,,,,15,,,20,,5,,,,,,5,,,,,,,,,,,,,,,
8762,0,0,弑神[阶段(8)],1,,83,1,21,1,,3,3,,,,,,35,,,20,,10,,,,,,5,,,,,,,,,,,,,,,
8763,0,0,弑神[阶段(9)],1,,83,1,21,1,,3,3,,,,,,35,,,20,,15,,,,,,5,,,,,,,,,,,,,,,
8764,0,0,弑神[阶段(10)],1,,83,1,21,1,,3,3,,,,,,35,,,20,,20,,,,,,5,,,,,,,,,,,,,,,
8765,0,0,天琊[阶段(7)],1,,84,1,21,1,,3,3,,,,,,15,,,20,,5,,,,,,5,,,,,,,,,,,,,,,
8766,0,0,天琊[阶段(8)],1,,84,1,21,1,,3,3,,,,,,15,,,20,,10,,,,,,5,,,,,,,,,,,,,,,
8767,0,0,天琊[阶段(9)],1,,84,1,21,1,,3,3,,,,,,15,,,20,,15,,,,,,5,,,,,,,,,,,,,,,
8768,0,0,天琊[阶段(10)],1,,84,1,21,1,,3,3,,,,,,15,,,20,,20,,,,,,5,,,,,,,,,,,,,,,
8769,1,0,伤害38%,1,,,,,,,,,,,,,38,,,,,,,,,,,,,,,,,,,,,,,,,,,
8770,1,0,伤害42%,1,,,,,,,,,,,,,42,,,,,,,,,,,,,,,,,,,,,,,,,,,
8771,1,0,伤害45%,1,,,,,,,,,,,,,45,,,,,,,,,,,,,,,,,,,,,,,,,,,
8772,1,0,加水攻60%,1,,,,,,,,,,,,,,,,,90,,,,,,,,,,,,,,,,,,,,,,,
8773,1,0,加火攻60%,1,,,,,,,,,,,,,,,,,,90,,,,,,,,,,,,,,,,,,,,,,
8774,1,0,加毒攻60%,1,,,,,,,,,,,,,,,,,,,90,,,,,,,,,,,,,,,,,,,,,
8775,1,0,加伤害60%,1,,,,,,,,,,,,,48,,,,,,,,,,,,,,,,,,,,,,,,,,,
8776,1,0,加水攻60%,1,,,,,,,,,,,,,,,,,100,,,,,,,,,,,,,,,,,,,,,,,
8777,1,0,加火攻60%,1,,,,,,,,,,,,,,,,,,100,,,,,,,,,,,,,,,,,,,,,,
8778,1,0,加毒攻60%,1,,,,,,,,,,,,,,,,,,,100,,,,,,,,,,,,,,,,,,,,,
8779,1,0,加伤害60%,1,,,,,,,,,,,,,51,,,,,,,,,,,,,,,,,,,,,,,,,,,
8780,1,0,加水攻60%,1,,,,,,,,,,,,,,,,,110,,,,,,,,,,,,,,,,,,,,,,,
8781,1,0,加火攻60%,1,,,,,,,,,,,,,,,,,,110,,,,,,,,,,,,,,,,,,,,,,
8782,1,0,加毒攻60%,1,,,,,,,,,,,,,,,,,,,110,,,,,,,,,,,,,,,,,,,,,
8783,1,0,加伤害60%,1,,,,,,,,,,,,,54,,,,,,,,,,,,,,,,,,,,,,,,,,,
8784,1,0,加水攻60%,1,,,,,,,,,,,,,,,,,120,,,,,,,,,,,,,,,,,,,,,,,
8785,1,0,加火攻60%,1,,,,,,,,,,,,,,,,,,120,,,,,,,,,,,,,,,,,,,,,,
8786,1,0,加毒攻60%,1,,,,,,,,,,,,,,,,,,,120,,,,,,,,,,,,,,,,,,,,,
8787,1,0,加伤害60%,1,,,,,,,,,,,,,57,,,,,,,,,,,,,,,,,,,,,,,,,,,
8788,1,0,加水攻60%,1,,,,,,,,,,,,,,,,,130,,,,,,,,,,,,,,,,,,,,,,,
8789,1,0,加火攻60%,1,,,,,,,,,,,,,,,,,,130,,,,,,,,,,,,,,,,,,,,,,
8790,1,0,加毒攻60%,1,,,,,,,,,,,,,,,,,,,130,,,,,,,,,,,,,,,,,,,,,
8791,1,0,加伤害60%,1,,,,,,,,,,,,,60,,,,,,,,,,,,,,,,,,,,,,,,,,,
8792,1,0,加水攻60%,1,,,,,,,,,,,,,,,,,140,,,,,,,,,,,,,,,,,,,,,,,
8793,1,0,加火攻60%,1,,,,,,,,,,,,,,,,,,140,,,,,,,,,,,,,,,,,,,,,,
8794,1,0,加毒攻60%,1,,,,,,,,,,,,,,,,,,,140,,,,,,,,,,,,,,,,,,,,,
8795,1,0,加伤害60%,1,,,,,,,,,,,,,63,,,,,,,,,,,,,,,,,,,,,,,,,,,
8796,1,0,加水攻60%,1,,,,,,,,,,,,,,,,,150,,,,,,,,,,,,,,,,,,,,,,,
8797,1,0,加火攻60%,1,,,,,,,,,,,,,,,,,,150,,,,,,,,,,,,,,,,,,,,,,
8798,1,0,加毒攻60%,1,,,,,,,,,,,,,,,,,,,150,,,,,,,,,,,,,,,,,,,,,
8799,1,0,加伤害60%,1,,,,,,,,,,,,,66,,,,,,,,,,,,,,,,,,,,,,,,,,,
8800,1,0,加水攻60%,1,,,,,,,,,,,,,,,,,100,,,,,,,,,,,,,,,,,,,,,,,
8801,1,0,加火攻60%,1,,,,,,,,,,,,,,,,,,100,,,,,,,,,,,,,,,,,,,,,,
8802,1,0,加毒攻60%,1,,,,,,,,,,,,,,,,,,,100,,,,,,,,,,,,,,,,,,,,,
8803,0,0,,1,,85,1,21,3,3,3.8,3,2,2,24,10,,,22,,29,21,29,,,,,,5,33,,,,,,,,,,,,,,
8804,0,0,,1,,97,1,10,2,3,9.8,3,2,2,,,,28,,10,39,39,39,9,9,9,35,,5,15,,,,,,11,,,,,,,,
8805,0,0,,1,,98,1,10,2,3,9.8,3,2,2,,,,28,,10,39,39,39,9,9,9,35,,5,15,,,,,,11,,,,,,,,
8806,0,0,,1,,75,1,10,2,3,6.6,1.5,2,,,,,28,10,,62,62,62,8,8,8,23,,,,,,,,,11,,,,,,,,
8807,0,0,,1,,76,1,10,2,3,7,3,2,,,,5,38,10,,68,68,68,8,8,8,32,,,,,,,,,11,,,,,,,,
11000,0,0,,1,,134,1,0,1,,,,,,,,,,,15,,,,,,,,,,,,,,,,,,,,,,,,
11001,0,0,,1,,134,1,10,1,,,,,,,,,,,15,,,,,,,,,,,,,,,,,,,,,,,,
11002,0,0,,1,,134,1,11,1,,,,,,,,,,,,,,,,,,,,,,,,,20,,,,,,,,,,
11003,0,0,,1,,134,1,11,1,,,,,,,,,,,,,,,,,,,,,,,,,,20,,,,,,,,,
11004,0,0,,1,,134,1,11,1,,,,,,,,,,,,,,,,,,,,,,20,,,,,,,,,,,,,
11005,0,0,,1,,134,1,11,1,,,,,,,,,,,,,,,,,,,,,,,,20,,,,,,,,,,,
11006,0,0,,1,,134,1,11,1,,,,,,,,,,,,,,,,,,,,,15,,,,,,,,,,,,,,
11007,0,0,,1,,134,1,11,1,,,,,,,,,,,,,,,,,,,,5,,,,,,,,,,,,,,,
11008,0,0,,1,,134,1,11,1,,,,,,,,,,,,,,,,,7,,,,,,,,,,,,,,,,,,
11009,0,0,,1,,134,1,11,1,,,,,,,,,,,,,,,,7,,,,,,,,,,,,,,,,,,,
11010,0,0,,1,,134,1,11,1,,,,,,,,,,,,,,,7,,,,,,,,,,,,,,,,,,,,
11011,0,0,,1,,134,1,11,1,,,,,,,,,15,,,,,,,,,,,,,,,,,,,,,,,,,,
11012,0,0,,1,,134,1,11,1,,,,,,,,10,,,,,,,,,,,,,,,,,,,,,,,,,,,
11013,0,0,,1,,134,1,11,1,,,,,,,15,,,,,,,,,,,,,,,,,,,,,,,,,,,,
11014,0,0,,1,,134,1,11,1,,,,,,15,,,,,,,,,,,,,,,,,,,,,,,,,,,,,
11015,0,0,,1,,134,1,11,1,,,,,,,,,,,,,,,,,,,,,,,,20,,,,,,,,,,,
11016,0,0,,1,,134,1,11,1,,,,,1.2,,,,,,,,,,,,,,,,,,,,,,,,,,,,,,
11017,0,0,,1,,134,1,11,1,,,,1.2,,,,,,,,,,,,,,,,,,,,,,,,,,,,,,,
11018,0,0,,1,,134,1,11,1,,,1.2,,,,,,,,,,,,,,,,,,,,,,,,,,,,,,,,
11019,0,0,,1,,134,1,11,1,,1.2,,,,,,,,,,,,,,,,,,,,,,,,,,,,,,,,,
11020,0,0,,1,,134,1,11,1,1.2,,,,,,,,,,,,,,,,,,,,,,,,,,,,,,,,,,
11021,0,0,,1,,134,1,11,1,,,,,,,,,,,,15,,,,,,,,,,,,,,,,,,,,,,,
11022,0,0,,1,,134,1,11,1,,,,,,,,,,,,,15,,,,,,,,,,,,,,,,,,,,,,
11023,0,0,,1,,134,1,11,1,,,,,,,,,,,,,,15,,,,,,,,,,,,,,,,,,,,,
11100,0,0,,1,,185,1,0,1,,,,,,,,,,,,20,,,,,,,,,,,,,,,,,,,,,,,
11101,0,0,,1,,185,1,10,1,,,,,,,,,,,,20,,,,,,,,,,,,,,,,,,,,,,,
11102,0,0,,1,,185,1,11,1,,,,,,,,,,,,,,,,,,,,,,,,,20,,,,,,,,,,
11103,0,0,,1,,185,1,11,1,,,,,,,,,,,,,,,,,,,,,,,,,,20,,,,,,,,,
11104,0,0,,1,,185,1,11,1,,,,,,,,,,,,,,,,,,,,,,20,,,,,,,,,,,,,
11105,0,0,,1,,185,1,11,1,,,,,,,,,,,,,,,,,,,,,,,,20,,,,,,,,,,,
11106,0,0,,1,,185,1,11,1,,,,,,,,,,,,,,,,,,,,,15,,,,,,,,,,,,,,
11107,0,0,,1,,185,1,11,1,,,,,,,,,,,,,,,,,,,,5,,,,,,,,,,,,,,,
11108,0,0,,1,,185,1,11,1,,,,,,,,,,,,,,,,,7,,,,,,,,,,,,,,,,,,
11109,0,0,,1,,185,1,11,1,,,,,,,,,,,,,,,,7,,,,,,,,,,,,,,,,,,,
11110,0,0,,1,,185,1,11,1,,,,,,,,,,,,,,,7,,,,,,,,,,,,,,,,,,,,
11111,0,0,,1,,185,1,11,1,,,,,,,,,15,,,,,,,,,,,,,,,,,,,,,,,,,,
11112,0,0,,1,,185,1,11,1,,,,,,,,10,,,,,,,,,,,,,,,,,,,,,,,,,,,
11113,0,0,,1,,185,1,11,1,,,,,,,15,,,,,,,,,,,,,,,,,,,,,,,,,,,,
11114,0,0,,1,,185,1,11,1,,,,,,15,,,,,,,,,,,,,,,,,,,,,,,,,,,,,
11115,0,0,,1,,185,1,11,1,,,,,,,,,,,,,,,,,,,,,,,,20,,,,,,,,,,,
11116,0,0,,1,,185,1,11,1,,,,,1.2,,,,,,,,,,,,,,,,,,,,,,,,,,,,,,
11117,0,0,,1,,185,1,11,1,,,,1.2,,,,,,,,,,,,,,,,,,,,,,,,,,,,,,,
11118,0,0,,1,,185,1,11,1,,,1.2,,,,,,,,,,,,,,,,,,,,,,,,,,,,,,,,
11119,0,0,,1,,185,1,11,1,,1.2,,,,,,,,,,,,,,,,,,,,,,,,,,,,,,,,,
11120,0,0,,1,,185,1,11,1,1.2,,,,,,,,,,,,,,,,,,,,,,,,,,,,,,,,,,
11121,0,0,,1,,185,1,11,1,,,,,,,,,,,15,,,,,,,,,,,,,,,,,,,,,,,,
11122,0,0,,1,,185,1,11,1,,,,,,,,,,,,,15,,,,,,,,,,,,,,,,,,,,,,
11123,0,0,,1,,185,1,11,1,,,,,,,,,,,,,,15,,,,,,,,,,,,,,,,,,,,,
11200,0,0,,1,,186,1,0,1,,,,,,,,,,,,,20,,,,,,,,,,,,,,,,,,,,,,
11201,0,0,,1,,186,1,10,1,,,,,,,,,,,,,20,,,,,,,,,,,,,,,,,,,,,,
11202,0,0,,1,,186,1,11,1,,,,,,,,,,,,,,,,,,,,,,,,,20,,,,,,,,,,
11203,0,0,,1,,186,1,11,1,,,,,,,,,,,,,,,,,,,,,,,,,,20,,,,,,,,,
11204,0,0,,1,,186,1,11,1,,,,,,,,,,,,,,,,,,,,,,20,,,,,,,,,,,,,
11205,0,0,,1,,186,1,11,1,,,,,,,,,,,,,,,,,,,,,,,,20,,,,,,,,,,,
11206,0,0,,1,,186,1,11,1,,,,,,,,,,,,,,,,,,,,,15,,,,,,,,,,,,,,
11207,0,0,,1,,186,1,11,1,,,,,,,,,,,,,,,,,,,,5,,,,,,,,,,,,,,,
11208,0,0,,1,,186,1,11,1,,,,,,,,,,,,,,,,,7,,,,,,,,,,,,,,,,,,
11209,0,0,,1,,186,1,11,1,,,,,,,,,,,,,,,,7,,,,,,,,,,,,,,,,,,,
11210,0,0,,1,,186,1,11,1,,,,,,,,,,,,,,,7,,,,,,,,,,,,,,,,,,,,
11211,0,0,,1,,186,1,11,1,,,,,,,,,15,,,,,,,,,,,,,,,,,,,,,,,,,,
11212,0,0,,1,,186,1,11,1,,,,,,,,10,,,,,,,,,,,,,,,,,,,,,,,,,,,
11213,0,0,,1,,186,1,11,1,,,,,,,15,,,,,,,,,,,,,,,,,,,,,,,,,,,,
11214,0,0,,1,,186,1,11,1,,,,,,15,,,,,,,,,,,,,,,,,,,,,,,,,,,,,
11215,0,0,,1,,186,1,11,1,,,,,,,,,,,,,,,,,,,,,,,,20,,,,,,,,,,,
11216,0,0,,1,,186,1,11,1,,,,,1.2,,,,,,,,,,,,,,,,,,,,,,,,,,,,,,
11217,0,0,,1,,186,1,11,1,,,,1.2,,,,,,,,,,,,,,,,,,,,,,,,,,,,,,,
11218,0,0,,1,,186,1,11,1,,,1.2,,,,,,,,,,,,,,,,,,,,,,,,,,,,,,,,
11219,0,0,,1,,186,1,11,1,,1.2,,,,,,,,,,,,,,,,,,,,,,,,,,,,,,,,,
11220,0,0,,1,,186,1,11,1,1.2,,,,,,,,,,,,,,,,,,,,,,,,,,,,,,,,,,
11221,0,0,,1,,186,1,11,1,,,,,,,,,,,15,,,,,,,,,,,,,,,,,,,,,,,,
11222,0,0,,1,,186,1,11,1,,,,,,,,,,,,15,,,,,,,,,,,,,,,,,,,,,,,
11223,0,0,,1,,186,1,11,1,,,,,,,,,,,,,,15,,,,,,,,,,,,,,,,,,,,,
11300,0,0,,1,,187,1,0,1,,,,,,,,,,,,,,20,,,,,,,,,,,,,,,,,,,,,
11301,0,0,,1,,187,1,10,1,,,,,,,,,,,,,,20,,,,,,,,,,,,,,,,,,,,,
11302,0,0,,1,,187,1,11,1,,,,,,,,,,,,,,,,,,,,,,,,,20,,,,,,,,,,
11303,0,0,,1,,187,1,11,1,,,,,,,,,,,,,,,,,,,,,,,,,,20,,,,,,,,,
11304,0,0,,1,,187,1,11,1,,,,,,,,,,,,,,,,,,,,,,20,,,,,,,,,,,,,
11305,0,0,,1,,187,1,11,1,,,,,,,,,,,,,,,,,,,,,,,,20,,,,,,,,,,,
11306,0,0,,1,,187,1,11,1,,,,,,,,,,,,,,,,,,,,,15,,,,,,,,,,,,,,
11307,0,0,,1,,187,1,11,1,,,,,,,,,,,,,,,,,,,,5,,,,,,,,,,,,,,,
11308,0,0,,1,,187,1,11,1,,,,,,,,,,,,,,,,,7,,,,,,,,,,,,,,,,,,
11309,0,0,,1,,187,1,11,1,,,,,,,,,,,,,,,,7,,,,,,,,,,,,,,,,,,,
11310,0,0,,1,,187,1,11,1,,,,,,,,,,,,,,,7,,,,,,,,,,,,,,,,,,,,
11311,0,0,,1,,187,1,11,1,,,,,,,,,15,,,,,,,,,,,,,,,,,,,,,,,,,,
11312,0,0,,1,,187,1,11,1,,,,,,,,10,,,,,,,,,,,,,,,,,,,,,,,,,,,
11313,0,0,,1,,187,1,11,1,,,,,,,15,,,,,,,,,,,,,,,,,,,,,,,,,,,,
11314,0,0,,1,,187,1,11,1,,,,,,15,,,,,,,,,,,,,,,,,,,,,,,,,,,,,
11315,0,0,,1,,187,1,11,1,,,,,,,,,,,,,,,,,,,,,,,,20,,,,,,,,,,,
11316,0,0,,1,,187,1,11,1,,,,,1.2,,,,,,,,,,,,,,,,,,,,,,,,,,,,,,
11317,0,0,,1,,187,1,11,1,,,,1.2,,,,,,,,,,,,,,,,,,,,,,,,,,,,,,,
11318,0,0,,1,,187,1,11,1,,,1.2,,,,,,,,,,,,,,,,,,,,,,,,,,,,,,,,
11319,0,0,,1,,187,1,11,1,,1.2,,,,,,,,,,,,,,,,,,,,,,,,,,,,,,,,,
11320,0,0,,1,,187,1,11,1,1.2,,,,,,,,,,,,,,,,,,,,,,,,,,,,,,,,,,
11321,0,0,,1,,187,1,11,1,,,,,,,,,,,15,,,,,,,,,,,,,,,,,,,,,,,,
11322,0,0,,1,,187,1,11,1,,,,,,,,,,,,15,,,,,,,,,,,,,,,,,,,,,,,
11323,0,0,,1,,187,1,11,1,,,,,,,,,,,,,15,,,,,,,,,,,,,,,,,,,,,,
11400,0,0,,1,,188,1,0,1,,,,,,,,,,,,,,,7,,,,,,,,,,,,,,,,,,,,
11401,0,0,,1,,188,1,10,1,,,,,,,,,,,,,,,7,,,,,,,,,,,,,,,,,,,,
11402,0,0,,1,,188,1,11,1,,,,,,,,,,,,,,,,,,,,,,,,,20,,,,,,,,,,
11403,0,0,,1,,188,1,11,1,,,,,,,,,,,,,,,,,,,,,,,,,,20,,,,,,,,,
11404,0,0,,1,,188,1,11,1,,,,,,,,,,,,,,,,,,,,,,20,,,,,,,,,,,,,
11405,0,0,,1,,188,1,11,1,,,,,,,,,,,,,,,,,,,,,,,,20,,,,,,,,,,,
11406,0,0,,1,,188,1,11,1,,,,,,,,,,,,,,,,,,,,,15,,,,,,,,,,,,,,
11407,0,0,,1,,188,1,11,1,,,,,,,,,,,,,,,,,,,,5,,,,,,,,,,,,,,,
11408,0,0,,1,,188,1,11,1,,,,,,,,,,,,,,,,,7,,,,,,,,,,,,,,,,,,
11409,0,0,,1,,188,1,11,1,,,,,,,,,,,,,,,,7,,,,,,,,,,,,,,,,,,,
11410,0,0,,1,,188,1,11,1,,,,,,,,,,,,,,15,,,,,,,,,,,,,,,,,,,,,
11411,0,0,,1,,188,1,11,1,,,,,,,,,15,,,,,,,,,,,,,,,,,,,,,,,,,,
11412,0,0,,1,,188,1,11,1,,,,,,,,10,,,,,,,,,,,,,,,,,,,,,,,,,,,
11413,0,0,,1,,188,1,11,1,,,,,,,15,,,,,,,,,,,,,,,,,,,,,,,,,,,,
11414,0,0,,1,,188,1,11,1,,,,,,15,,,,,,,,,,,,,,,,,,,,,,,,,,,,,
11415,0,0,,1,,188,1,11,1,,,,,,,,,,,,,,,,,,,,,,,,20,,,,,,,,,,,
11416,0,0,,1,,188,1,11,1,,,,,1.2,,,,,,,,,,,,,,,,,,,,,,,,,,,,,,
11417,0,0,,1,,188,1,11,1,,,,1.2,,,,,,,,,,,,,,,,,,,,,,,,,,,,,,,
11418,0,0,,1,,188,1,11,1,,,1.2,,,,,,,,,,,,,,,,,,,,,,,,,,,,,,,,
11419,0,0,,1,,188,1,11,1,,1.2,,,,,,,,,,,,,,,,,,,,,,,,,,,,,,,,,
11420,0,0,,1,,188,1,11,1,1.2,,,,,,,,,,,,,,,,,,,,,,,,,,,,,,,,,,
11421,0,0,,1,,188,1,11,1,,,,,,,,,,,15,,,,,,,,,,,,,,,,,,,,,,,,
11422,0,0,,1,,188,1,11,1,,,,,,,,,,,,15,,,,,,,,,,,,,,,,,,,,,,,
11423,0,0,,1,,188,1,11,1,,,,,,,,,,,,,15,,,,,,,,,,,,,,,,,,,,,,
11500,0,0,,1,,189,1,0,1,,,,,,,,,,,,,,,,7,,,,,,,,,,,,,,,,,,,
11501,0,0,,1,,189,1,10,1,,,,,,,,,,,,,,,,7,,,,,,,,,,,,,,,,,,,
11502,0,0,,1,,189,1,11,1,,,,,,,,,,,,,,,,,,,,,,,,,20,,,,,,,,,,
11503,0,0,,1,,189,1,11,1,,,,,,,,,,,,,,,,,,,,,,,,,,20,,,,,,,,,
11504,0,0,,1,,189,1,11,1,,,,,,,,,,,,,,,,,,,,,,20,,,,,,,,,,,,,
11505,0,0,,1,,189,1,11,1,,,,,,,,,,,,,,,,,,,,,,,,20,,,,,,,,,,,
11506,0,0,,1,,189,1,11,1,,,,,,,,,,,,,,,,,,,,,15,,,,,,,,,,,,,,
11507,0,0,,1,,189,1,11,1,,,,,,,,,,,,,,,,,,,,5,,,,,,,,,,,,,,,
11508,0,0,,1,,189,1,11,1,,,,,,,,,,,,,,,,,7,,,,,,,,,,,,,,,,,,
11509,0,0,,1,,189,1,11,1,,,,,,,,,,,,,,,7,,,,,,,,,,,,,,,,,,,,
11510,0,0,,1,,189,1,11,1,,,,,,,,,,,,,,15,,,,,,,,,,,,,,,,,,,,,
11511,0,0,,1,,189,1,11,1,,,,,,,,,15,,,,,,,,,,,,,,,,,,,,,,,,,,
11512,0,0,,1,,189,1,11,1,,,,,,,,10,,,,,,,,,,,,,,,,,,,,,,,,,,,
11513,0,0,,1,,189,1,11,1,,,,,,,15,,,,,,,,,,,,,,,,,,,,,,,,,,,,
11514,0,0,,1,,189,1,11,1,,,,,,15,,,,,,,,,,,,,,,,,,,,,,,,,,,,,
11515,0,0,,1,,189,1,11,1,,,,,,,,,,,,,,,,,,,,,,,,20,,,,,,,,,,,
11516,0,0,,1,,189,1,11,1,,,,,1.2,,,,,,,,,,,,,,,,,,,,,,,,,,,,,,
11517,0,0,,1,,189,1,11,1,,,,1.2,,,,,,,,,,,,,,,,,,,,,,,,,,,,,,,
11518,0,0,,1,,189,1,11,1,,,1.2,,,,,,,,,,,,,,,,,,,,,,,,,,,,,,,,
11519,0,0,,1,,189,1,11,1,,1.2,,,,,,,,,,,,,,,,,,,,,,,,,,,,,,,,,
11520,0,0,,1,,189,1,11,1,1.2,,,,,,,,,,,,,,,,,,,,,,,,,,,,,,,,,,
11521,0,0,,1,,189,1,11,1,,,,,,,,,,,15,,,,,,,,,,,,,,,,,,,,,,,,
11522,0,0,,1,,189,1,11,1,,,,,,,,,,,,15,,,,,,,,,,,,,,,,,,,,,,,
11523,0,0,,1,,189,1,11,1,,,,,,,,,,,,,15,,,,,,,,,,,,,,,,,,,,,,
11600,0,0,,1,,190,1,0,1,,,,,,,,,,,,,,,,,7,,,,,,,,,,,,,,,,,,
11601,0,0,,1,,190,1,10,1,,,,,,,,,,,,,,,,,7,,,,,,,,,,,,,,,,,,
11602,0,0,,1,,190,1,11,1,,,,,,,,,,,,,,,,,,,,,,,,,20,,,,,,,,,,
11603,0,0,,1,,190,1,11,1,,,,,,,,,,,,,,,,,,,,,,,,,,20,,,,,,,,,
11604,0,0,,1,,190,1,11,1,,,,,,,,,,,,,,,,,,,,,,20,,,,,,,,,,,,,
11605,0,0,,1,,190,1,11,1,,,,,,,,,,,,,,,,,,,,,,,,20,,,,,,,,,,,
11606,0,0,,1,,190,1,11,1,,,,,,,,,,,,,,,,,,,,,15,,,,,,,,,,,,,,
11607,0,0,,1,,190,1,11,1,,,,,,,,,,,,,,,,,,,,5,,,,,,,,,,,,,,,
11608,0,0,,1,,190,1,11,1,,,,,,,,,,,,,,,,7,,,,,,,,,,,,,,,,,,,
11609,0,0,,1,,190,1,11,1,,,,,,,,,,,,,,,7,,,,,,,,,,,,,,,,,,,,
11610,0,0,,1,,190,1,11,1,,,,,,,,,,,,,,15,,,,,,,,,,,,,,,,,,,,,
11611,0,0,,1,,190,1,11,1,,,,,,,,,15,,,,,,,,,,,,,,,,,,,,,,,,,,
11612,0,0,,1,,190,1,11,1,,,,,,,,10,,,,,,,,,,,,,,,,,,,,,,,,,,,
11613,0,0,,1,,190,1,11,1,,,,,,,15,,,,,,,,,,,,,,,,,,,,,,,,,,,,
11614,0,0,,1,,190,1,11,1,,,,,,15,,,,,,,,,,,,,,,,,,,,,,,,,,,,,
11615,0,0,,1,,190,1,11,1,,,,,,,,,,,,,,,,,,,,,,,,20,,,,,,,,,,,
11616,0,0,,1,,190,1,11,1,,,,,1.2,,,,,,,,,,,,,,,,,,,,,,,,,,,,,,
11617,0,0,,1,,190,1,11,1,,,,1.2,,,,,,,,,,,,,,,,,,,,,,,,,,,,,,,
11618,0,0,,1,,190,1,11,1,,,1.2,,,,,,,,,,,,,,,,,,,,,,,,,,,,,,,,
11619,0,0,,1,,190,1,11,1,,1.2,,,,,,,,,,,,,,,,,,,,,,,,,,,,,,,,,
11620,0,0,,1,,190,1,11,1,1.2,,,,,,,,,,,,,,,,,,,,,,,,,,,,,,,,,,
11621,0,0,,1,,190,1,11,1,,,,,,,,,,,15,,,,,,,,,,,,,,,,,,,,,,,,
11622,0,0,,1,,190,1,11,1,,,,,,,,,,,,15,,,,,,,,,,,,,,,,,,,,,,,
11623,0,0,,1,,190,1,11,1,,,,,,,,,,,,,15,,,,,,,,,,,,,,,,,,,,,,
11700,0,0,,1,,191,1,0,1,,,,,,,,,,,,,,,,,,15,,,,,,,,,,,,,,,,,
11701,0,0,,1,,191,1,10,1,,,,,,,,,,,,,,,,,,15,,,,,,,,,,,,,,,,,
11702,0,0,,1,,191,1,11,1,,,,,,,,,,,,,,,,,,,,,,,,,20,,,,,,,,,,
11703,0,0,,1,,191,1,11,1,,,,,,,,,,,,,,,,,,,,,,,,,,20,,,,,,,,,
11704,0,0,,1,,191,1,11,1,,,,,,,,,,,,,,,,,,,,,,20,,,,,,,,,,,,,
11705,0,0,,1,,191,1,11,1,,,,,,,,,,,,,,,,,,,,,,,,20,,,,,,,,,,,
11706,0,0,,1,,191,1,11,1,,,,,,,,,,,,,,,,,,,,,15,,,,,,,,,,,,,,
11707,0,0,,1,,191,1,11,1,,,,,,,,,,,,,,,,,,,,5,,,,,,,,,,,,,,,
11708,0,0,,1,,191,1,11,1,,,,,,,,,,,,,,,,7,,,,,,,,,,,,,,,,,,,
11709,0,0,,1,,191,1,11,1,,,,,,,,,,,,,,,7,,,,,,,,,,,,,,,,,,,,
11710,0,0,,1,,191,1,11,1,,,,,,,,,,,,,,15,,,,,,,,,,,,,,,,,,,,,
11711,0,0,,1,,191,1,11,1,,,,,,,,,15,,,,,,,,,,,,,,,,,,,,,,,,,,
11712,0,0,,1,,191,1,11,1,,,,,,,,10,,,,,,,,,,,,,,,,,,,,,,,,,,,
11713,0,0,,1,,191,1,11,1,,,,,,,15,,,,,,,,,,,,,,,,,,,,,,,,,,,,
11714,0,0,,1,,191,1,11,1,,,,,,15,,,,,,,,,,,,,,,,,,,,,,,,,,,,,
11715,0,0,,1,,191,1,11,1,,,,,,,,,,,,,,,,,,,,,,,,20,,,,,,,,,,,
11716,0,0,,1,,191,1,11,1,,,,,1.2,,,,,,,,,,,,,,,,,,,,,,,,,,,,,,
11717,0,0,,1,,191,1,11,1,,,,1.2,,,,,,,,,,,,,,,,,,,,,,,,,,,,,,,
11718,0,0,,1,,191,1,11,1,,,1.2,,,,,,,,,,,,,,,,,,,,,,,,,,,,,,,,
11719,0,0,,1,,191,1,11,1,,1.2,,,,,,,,,,,,,,,,,,,,,,,,,,,,,,,,,
11720,0,0,,1,,191,1,11,1,1.2,,,,,,,,,,,,,,,,,,,,,,,,,,,,,,,,,,
11721,0,0,,1,,191,1,11,1,,,,,,,,,,,15,,,,,,,,,,,,,,,,,,,,,,,,
11722,0,0,,1,,191,1,11,1,,,,,,,,,,,,15,,,,,,,,,,,,,,,,,,,,,,,
11723,0,0,,1,,191,1,11,1,,,,,,,,,,,,,15,,,,,,,,,,,,,,,,,,,,,,
11800,0,0,,1,,192,1,0,1,,,,,,,,,,,,,,,,,,,15,,,,,,,,,,,,,,,,
11801,0,0,,1,,192,1,10,1,,,,,,,,,,,,,,,,,,,15,,,,,,,,,,,,,,,,
11802,0,0,,1,,192,1,11,1,,,,,,,,,,,,,,,,,,,,,,,,,20,,,,,,,,,,
11803,0,0,,1,,192,1,11,1,,,,,,,,,,,,,,,,,,,,,,,,,,20,,,,,,,,,
11804,0,0,,1,,192,1,11,1,,,,,,,,,,,,,,,,,,,,,,20,,,,,,,,,,,,,
11805,0,0,,1,,192,1,11,1,,,,,,,,,,,,,,,,,,,,,,,,20,,,,,,,,,,,
11806,0,0,,1,,192,1,11,1,,,,,,,,,,,,,,,,,,,,,15,,,,,,,,,,,,,,
11807,0,0,,1,,192,1,11,1,,,,,,,,,,,,,,,,,,,,5,,,,,,,,,,,,,,,
11808,0,0,,1,,192,1,11,1,,,,,,,,,,,,,,,,7,,,,,,,,,,,,,,,,,,,
11809,0,0,,1,,192,1,11,1,,,,,,,,,,,,,,,7,,,,,,,,,,,,,,,,,,,,
11810,0,0,,1,,192,1,11,1,,,,,,,,,,,,,,15,,,,,,,,,,,,,,,,,,,,,
11811,0,0,,1,,192,1,11,1,,,,,,,,,15,,,,,,,,,,,,,,,,,,,,,,,,,,
11812,0,0,,1,,192,1,11,1,,,,,,,,10,,,,,,,,,,,,,,,,,,,,,,,,,,,
11813,0,0,,1,,192,1,11,1,,,,,,,15,,,,,,,,,,,,,,,,,,,,,,,,,,,,
11814,0,0,,1,,192,1,11,1,,,,,,15,,,,,,,,,,,,,,,,,,,,,,,,,,,,,
11815,0,0,,1,,192,1,11,1,,,,,,,,,,,,,,,,,,,,,,,,20,,,,,,,,,,,
11816,0,0,,1,,192,1,11,1,,,,,1.2,,,,,,,,,,,,,,,,,,,,,,,,,,,,,,
11817,0,0,,1,,192,1,11,1,,,,1.2,,,,,,,,,,,,,,,,,,,,,,,,,,,,,,,
11818,0,0,,1,,192,1,11,1,,,1.2,,,,,,,,,,,,,,,,,,,,,,,,,,,,,,,,
11819,0,0,,1,,192,1,11,1,,1.2,,,,,,,,,,,,,,,,,,,,,,,,,,,,,,,,,
11820,0,0,,1,,192,1,11,1,1.2,,,,,,,,,,,,,,,,,,,,,,,,,,,,,,,,,,
11821,0,0,,1,,192,1,11,1,,,,,,,,,,,15,,,,,,,,,,,,,,,,,,,,,,,,
11822,0,0,,1,,192,1,11,1,,,,,,,,,,,,15,,,,,,,,,,,,,,,,,,,,,,,
11823,0,0,,1,,192,1,11,1,,,,,,,,,,,,,15,,,,,,,,,,,,,,,,,,,,,,
11900,0,0,,1,,69,1,0,1,,,,,,,,,,,,,,,,,,,,5,,,,,,,,,,,,,,,
11901,0,0,,1,,69,1,10,1,,,,,,,,,,,,,,,,,,,,5,,,,,,,,,,,,,,,
11902,0,0,,1,,69,1,11,1,,,,,,,,,,,,,,,,,,,,,,,,,20,,,,,,,,,,
11903,0,0,,1,,69,1,11,1,,,,,,,,,,,,,,,,,,,,,,,,,,20,,,,,,,,,
11904,0,0,,1,,69,1,11,1,,,,,,,,,,,,,,,,,,,,,,20,,,,,,,,,,,,,
11905,0,0,,1,,69,1,11,1,,,,,,,,,,,,,,,,,,,,,,,,20,,,,,,,,,,,
11906,0,0,,1,,69,1,11,1,,,,,,,,,,,,,,,,,,,,,15,,,,,,,,,,,,,,
11907,0,0,,1,,69,1,11,1,,,,,,,,,,,,,,,,,7,,,,,,,,,,,,,,,,,,
11908,0,0,,1,,69,1,11,1,,,,,,,,,,,,,,,,7,,,,,,,,,,,,,,,,,,,
11909,0,0,,1,,69,1,11,1,,,,,,,,,,,,,,,7,,,,,,,,,,,,,,,,,,,,
11910,0,0,,1,,69,1,11,1,,,,,,,,,,,,,,15,,,,,,,,,,,,,,,,,,,,,
11911,0,0,,1,,69,1,11,1,,,,,,,,,15,,,,,,,,,,,,,,,,,,,,,,,,,,
11912,0,0,,1,,69,1,11,1,,,,,,,,10,,,,,,,,,,,,,,,,,,,,,,,,,,,
11913,0,0,,1,,69,1,11,1,,,,,,,15,,,,,,,,,,,,,,,,,,,,,,,,,,,,
11914,0,0,,1,,69,1,11,1,,,,,,15,,,,,,,,,,,,,,,,,,,,,,,,,,,,,
11915,0,0,,1,,69,1,11,1,,,,,,,,,,,,,,,,,,,,,,,,20,,,,,,,,,,,
11916,0,0,,1,,69,1,11,1,,,,,1.2,,,,,,,,,,,,,,,,,,,,,,,,,,,,,,
11917,0,0,,1,,69,1,11,1,,,,1.2,,,,,,,,,,,,,,,,,,,,,,,,,,,,,,,
11918,0,0,,1,,69,1,11,1,,,1.2,,,,,,,,,,,,,,,,,,,,,,,,,,,,,,,,
11919,0,0,,1,,69,1,11,1,,1.2,,,,,,,,,,,,,,,,,,,,,,,,,,,,,,,,,
11920,0,0,,1,,69,1,11,1,1.2,,,,,,,,,,,,,,,,,,,,,,,,,,,,,,,,,,
11921,0,0,,1,,69,1,11,1,,,,,,,,,,,15,,,,,,,,,,,,,,,,,,,,,,,,
11922,0,0,,1,,69,1,11,1,,,,,,,,,,,,15,,,,,,,,,,,,,,,,,,,,,,,
11923,0,0,,1,,69,1,11,1,,,,,,,,,,,,,15,,,,,,,,,,,,,,,,,,,,,,
12000,0,0,,1,,70,1,0,1,,,,,,,,,,,,,,,,,,,,,15,,,,,,,,,,,,,,
12001,0,0,,1,,70,1,10,1,,,,,,,,,,,,,,,,,,,,,15,,,,,,,,,,,,,,
12002,0,0,,1,,70,1,11,1,,,,,,,,,,,,,,,,,,,,,,,,,20,,,,,,,,,,
12003,0,0,,1,,70,1,11,1,,,,,,,,,,,,,,,,,,,,,,,,,,20,,,,,,,,,
12004,0,0,,1,,70,1,11,1,,,,,,,,,,,,,,,,,,,,,,20,,,,,,,,,,,,,
12005,0,0,,1,,70,1,11,1,,,,,,,,,,,,,,,,,,,,,,,,20,,,,,,,,,,,
12006,0,0,,1,,70,1,11,1,,,,,,,,,,,,,,,,,,,,5,,,,,,,,,,,,,,,
12007,0,0,,1,,70,1,11,1,,,,,,,,,,,,,,,,,7,,,,,,,,,,,,,,,,,,
12008,0,0,,1,,70,1,11,1,,,,,,,,,,,,,,,,7,,,,,,,,,,,,,,,,,,,
12009,0,0,,1,,70,1,11,1,,,,,,,,,,,,,,,7,,,,,,,,,,,,,,,,,,,,
12010,0,0,,1,,70,1,11,1,,,,,,,,,,,,,,15,,,,,,,,,,,,,,,,,,,,,
12011,0,0,,1,,70,1,11,1,,,,,,,,,15,,,,,,,,,,,,,,,,,,,,,,,,,,
12012,0,0,,1,,70,1,11,1,,,,,,,,10,,,,,,,,,,,,,,,,,,,,,,,,,,,
12013,0,0,,1,,70,1,11,1,,,,,,,15,,,,,,,,,,,,,,,,,,,,,,,,,,,,
12014,0,0,,1,,70,1,11,1,,,,,,15,,,,,,,,,,,,,,,,,,,,,,,,,,,,,
12015,0,0,,1,,70,1,11,1,,,,,,,,,,,,,,,,,,,,,,,,20,,,,,,,,,,,
12016,0,0,,1,,70,1,11,1,,,,,1.2,,,,,,,,,,,,,,,,,,,,,,,,,,,,,,
12017,0,0,,1,,70,1,11,1,,,,1.2,,,,,,,,,,,,,,,,,,,,,,,,,,,,,,,
12018,0,0,,1,,70,1,11,1,,,1.2,,,,,,,,,,,,,,,,,,,,,,,,,,,,,,,,
12019,0,0,,1,,70,1,11,1,,1.2,,,,,,,,,,,,,,,,,,,,,,,,,,,,,,,,,
12020,0,0,,1,,70,1,11,1,1.2,,,,,,,,,,,,,,,,,,,,,,,,,,,,,,,,,,
12021,0,0,,1,,70,1,11,1,,,,,,,,,,,15,,,,,,,,,,,,,,,,,,,,,,,,
12022,0,0,,1,,70,1,11,1,,,,,,,,,,,,15,,,,,,,,,,,,,,,,,,,,,,,
12023,0,0,,1,,70,1,11,1,,,,,,,,,,,,,15,,,,,,,,,,,,,,,,,,,,,,
12100,0,0,,1,,71,1,0,1,,,,,,,,,,,,,,,,,,,,,,,,,,,10,,,,,,,,
12101,0,0,,1,,71,1,10,1,,,,,,,,,,,,,,,,,,,,,,,,,,,10,,,,,,,,
12102,0,0,,1,,71,1,11,1,,,,,,,,,,,,,,,,,,,,,,,,,20,,,,,,,,,,
12103,0,0,,1,,71,1,11,1,,,,,,,,,,,,,,,,,,,,,,,,,,20,,,,,,,,,
12104,0,0,,1,,71,1,11,1,,,,,,,,,,,,,,,,,,,,,,20,,,,,,,,,,,,,
12105,0,0,,1,,71,1,11,1,,,,,,,,,,,,,,,,,,,,,,,,20,,,,,,,,,,,
12106,0,0,,1,,71,1,11,1,,,,,,,,,,,,,,,,,,,,,15,,,,,,,,,,,,,,
12107,0,0,,1,,71,1,11,1,,,,,,,,,,,,,,,,,7,,,,,,,,,,,,,,,,,,
12108,0,0,,1,,71,1,11,1,,,,,,,,,,,,,,,,7,,,,,,,,,,,,,,,,,,,
12109,0,0,,1,,71,1,11,1,,,,,,,,,,,,,,,7,,,,,,,,,,,,,,,,,,,,
12110,0,0,,1,,71,1,11,1,,,,,,,,,,,,,,15,,,,,,,,,,,,,,,,,,,,,
12111,0,0,,1,,71,1,11,1,,,,,,,,,15,,,,,,,,,,,,,,,,,,,,,,,,,,
12112,0,0,,1,,71,1,11,1,,,,,,,,10,,,,,,,,,,,,,,,,,,,,,,,,,,,
12113,0,0,,1,,71,1,11,1,,,,,,,15,,,,,,,,,,,,,,,,,,,,,,,,,,,,
12114,0,0,,1,,71,1,11,1,,,,,,15,,,,,,,,,,,,,,,,,,,,,,,,,,,,,
12115,0,0,,1,,71,1,11,1,,,,,,,,,,,,,,,,,,,,,,,,20,,,,,,,,,,,
12116,0,0,,1,,71,1,11,1,,,,,1.2,,,,,,,,,,,,,,,,,,,,,,,,,,,,,,
12117,0,0,,1,,71,1,11,1,,,,1.2,,,,,,,,,,,,,,,,,,,,,,,,,,,,,,,
12118,0,0,,1,,71,1,11,1,,,1.2,,,,,,,,,,,,,,,,,,,,,,,,,,,,,,,,
12119,0,0,,1,,71,1,11,1,,1.2,,,,,,,,,,,,,,,,,,,,,,,,,,,,,,,,,
12120,0,0,,1,,71,1,11,1,1.2,,,,,,,,,,,,,,,,,,,,,,,,,,,,,,,,,,
12121,0,0,,1,,71,1,11,1,,,,,,,,,,,15,,,,,,,,,,,,,,,,,,,,,,,,
12122,0,0,,1,,71,1,11,1,,,,,,,,,,,,15,,,,,,,,,,,,,,,,,,,,,,,
12123,0,0,,1,,71,1,11,1,,,,,,,,,,,,,15,,,,,,,,,,,,,,,,,,,,,,
12200,0,0,,1,,72,1,0,1,,,,,,,,,,,,,,,,,,,,,,,,,,,,10,,,,,,,
12201,0,0,,1,,72,1,10,1,,,,,,,,,,,,,,,,,,,,,,,,,,,,10,,,,,,,
12202,0,0,,1,,72,1,11,1,,,,,,,,,,,,,,,,,,,,,,,,,20,,,,,,,,,,
12203,0,0,,1,,72,1,11,1,,,,,,,,,,,,,,,,,,,,,,,,,,20,,,,,,,,,
12204,0,0,,1,,72,1,11,1,,,,,,,,,,,,,,,,,,,,,,20,,,,,,,,,,,,,
12205,0,0,,1,,72,1,11,1,,,,,,,,,,,,,,,,,,,,,,,,20,,,,,,,,,,,
12206,0,0,,1,,72,1,11,1,,,,,,,,,,,,,,,,,,,,,15,,,,,,,,,,,,,,
12207,0,0,,1,,72,1,11,1,,,,,,,,,,,,,,,,,7,,,,,,,,,,,,,,,,,,
12208,0,0,,1,,72,1,11,1,,,,,,,,,,,,,,,,7,,,,,,,,,,,,,,,,,,,
12209,0,0,,1,,72,1,11,1,,,,,,,,,,,,,,,7,,,,,,,,,,,,,,,,,,,,
12210,0,0,,1,,72,1,11,1,,,,,,,,,,,,,,15,,,,,,,,,,,,,,,,,,,,,
12211,0,0,,1,,72,1,11,1,,,,,,,,,15,,,,,,,,,,,,,,,,,,,,,,,,,,
12212,0,0,,1,,72,1,11,1,,,,,,,,10,,,,,,,,,,,,,,,,,,,,,,,,,,,
12213,0,0,,1,,72,1,11,1,,,,,,,15,,,,,,,,,,,,,,,,,,,,,,,,,,,,
12214,0,0,,1,,72,1,11,1,,,,,,15,,,,,,,,,,,,,,,,,,,,,,,,,,,,,
12215,0,0,,1,,72,1,11,1,,,,,,,,,,,,,,,,,,,,,,,,20,,,,,,,,,,,
12216,0,0,,1,,72,1,11,1,,,,,1.2,,,,,,,,,,,,,,,,,,,,,,,,,,,,,,
12217,0,0,,1,,72,1,11,1,,,,1.2,,,,,,,,,,,,,,,,,,,,,,,,,,,,,,,
12218,0,0,,1,,72,1,11,1,,,1.2,,,,,,,,,,,,,,,,,,,,,,,,,,,,,,,,
12219,0,0,,1,,72,1,11,1,,1.2,,,,,,,,,,,,,,,,,,,,,,,,,,,,,,,,,
12220,0,0,,1,,72,1,11,1,1.2,,,,,,,,,,,,,,,,,,,,,,,,,,,,,,,,,,
12221,0,0,,1,,72,1,11,1,,,,,,,,,,,15,,,,,,,,,,,,,,,,,,,,,,,,
12222,0,0,,1,,72,1,11,1,,,,,,,,,,,,15,,,,,,,,,,,,,,,,,,,,,,,
12223,0,0,,1,,72,1,11,1,,,,,,,,,,,,,15,,,,,,,,,,,,,,,,,,,,,,
12300,0,0,,1,,73,1,0,1,,,,,,,,,,,,,,,,,,,,,,,,,,,,,,15,,,,,
12301,0,0,,1,,73,1,10,1,,,,,,,,,,,,,,,,,,,,,,,,,,,,,,15,,,,,
12302,0,0,,1,,73,1,11,1,,,,,,,,,,,,,,,,,,,,,,,,,20,,,,,,,,,,
12303,0,0,,1,,73,1,11,1,,,,,,,,,,,,,,,,,,,,,,,,,,20,,,,,,,,,
12304,0,0,,1,,73,1,11,1,,,,,,,,,,,,,,,,,,,,,,20,,,,,,,,,,,,,
12305,0,0,,1,,73,1,11,1,,,,,,,,,,,,,,,,,,,,,,,,20,,,,,,,,,,,
12306,0,0,,1,,73,1,11,1,,,,,,,,,,,,,,,,,,,,,15,,,,,,,,,,,,,,
12307,0,0,,1,,73,1,11,1,,,,,,,,,,,,,,,,,7,,,,,,,,,,,,,,,,,,
12308,0,0,,1,,73,1,11,1,,,,,,,,,,,,,,,,7,,,,,,,,,,,,,,,,,,,
12309,0,0,,1,,73,1,11,1,,,,,,,,,,,,,,,7,,,,,,,,,,,,,,,,,,,,
12310,0,0,,1,,73,1,11,1,,,,,,,,,,,,,,15,,,,,,,,,,,,,,,,,,,,,
12311,0,0,,1,,73,1,11,1,,,,,,,,,15,,,,,,,,,,,,,,,,,,,,,,,,,,
12312,0,0,,1,,73,1,11,1,,,,,,,,10,,,,,,,,,,,,,,,,,,,,,,,,,,,
12313,0,0,,1,,73,1,11,1,,,,,,,15,,,,,,,,,,,,,,,,,,,,,,,,,,,,
12314,0,0,,1,,73,1,11,1,,,,,,15,,,,,,,,,,,,,,,,,,,,,,,,,,,,,
12315,0,0,,1,,73,1,11,1,,,,,,,,,,,,,,,,,,,,,,,,20,,,,,,,,,,,
12316,0,0,,1,,73,1,11,1,,,,,1.2,,,,,,,,,,,,,,,,,,,,,,,,,,,,,,
12317,0,0,,1,,73,1,11,1,,,,1.2,,,,,,,,,,,,,,,,,,,,,,,,,,,,,,,
12318,0,0,,1,,73,1,11,1,,,1.2,,,,,,,,,,,,,,,,,,,,,,,,,,,,,,,,
12319,0,0,,1,,73,1,11,1,,1.2,,,,,,,,,,,,,,,,,,,,,,,,,,,,,,,,,
12320,0,0,,1,,73,1,11,1,1.2,,,,,,,,,,,,,,,,,,,,,,,,,,,,,,,,,,
12321,0,0,,1,,73,1,11,1,,,,,,,,,,,15,,,,,,,,,,,,,,,,,,,,,,,,
12322,0,0,,1,,73,1,11,1,,,,,,,,,,,,15,,,,,,,,,,,,,,,,,,,,,,,
12323,0,0,,1,,73,1,11,1,,,,,,,,,,,,,15,,,,,,,,,,,,,,,,,,,,,,
12400,0,0,,1,,74,1,0,1,,,,,,,,,,,,,,,,,,,,,,,,,,,,,,,10,,,,
12401,0,0,,1,,74,1,10,1,,,,,,,,,,,,,,,,,,,,,,,,,,,,,,,10,,,,
12402,0,0,,1,,74,1,11,1,,,,,,,,,,,,,,,,,,,,,,,,,20,,,,,,,,,,
12403,0,0,,1,,74,1,11,1,,,,,,,,,,,,,,,,,,,,,,,,,,20,,,,,,,,,
12404,0,0,,1,,74,1,11,1,,,,,,,,,,,,,,,,,,,,,,20,,,,,,,,,,,,,
12405,0,0,,1,,74,1,11,1,,,,,,,,,,,,,,,,,,,,,,,,20,,,,,,,,,,,
12406,0,0,,1,,74,1,11,1,,,,,,,,,,,,,,,,,,,,,15,,,,,,,,,,,,,,
12407,0,0,,1,,74,1,11,1,,,,,,,,,,,,,,,,,7,,,,,,,,,,,,,,,,,,
12408,0,0,,1,,74,1,11,1,,,,,,,,,,,,,,,,7,,,,,,,,,,,,,,,,,,,
12409,0,0,,1,,74,1,11,1,,,,,,,,,,,,,,,7,,,,,,,,,,,,,,,,,,,,
12410,0,0,,1,,74,1,11,1,,,,,,,,,,,,,,15,,,,,,,,,,,,,,,,,,,,,
12411,0,0,,1,,74,1,11,1,,,,,,,,,15,,,,,,,,,,,,,,,,,,,,,,,,,,
12412,0,0,,1,,74,1,11,1,,,,,,,,10,,,,,,,,,,,,,,,,,,,,,,,,,,,
12413,0,0,,1,,74,1,11,1,,,,,,,15,,,,,,,,,,,,,,,,,,,,,,,,,,,,
12414,0,0,,1,,74,1,11,1,,,,,,15,,,,,,,,,,,,,,,,,,,,,,,,,,,,,
12415,0,0,,1,,74,1,11,1,,,,,,,,,,,,,,,,,,,,,,,,20,,,,,,,,,,,
12416,0,0,,1,,74,1,11,1,,,,,1.2,,,,,,,,,,,,,,,,,,,,,,,,,,,,,,
12417,0,0,,1,,74,1,11,1,,,,1.2,,,,,,,,,,,,,,,,,,,,,,,,,,,,,,,
12418,0,0,,1,,74,1,11,1,,,1.2,,,,,,,,,,,,,,,,,,,,,,,,,,,,,,,,
12419,0,0,,1,,74,1,11,1,,1.2,,,,,,,,,,,,,,,,,,,,,,,,,,,,,,,,,
12420,0,0,,1,,74,1,11,1,1.2,,,,,,,,,,,,,,,,,,,,,,,,,,,,,,,,,,
12421,0,0,,1,,74,1,11,1,,,,,,,,,,,15,,,,,,,,,,,,,,,,,,,,,,,,
12422,0,0,,1,,74,1,11,1,,,,,,,,,,,,15,,,,,,,,,,,,,,,,,,,,,,,
12423,0,0,,1,,74,1,11,1,,,,,,,,,,,,,15,,,,,,,,,,,,,,,,,,,,,,
12424,0,0,非会员,1,,1,1,30,2,2.7,1.5,,,,,,,,,,,,,,,,,,,,,,,,,,,,,,,,,
12425,0,0,非会员,1,,1,1,30,2,3.6,,,,,,,,,,,,,,,,,,,,,,,,,,,,,,,,,,
12426,0,0,非会员,1,,1,1,30,2,,2,,,,,,,,,,,,,,,,,,,,,,,,,,,,,,,,,
12427,0,0,非会员,1,,1,1,31,2,,,,,,45,36,10,,,,,,,,,,,,,,,,,,,,,,,,,,,
12428,0,0,非会员,1,,1,1,31,2,,,,,,,,,,,,,,,,,,,,,108,,,,,,,,,,,,,,
12429,0,0,非会员,1,,1,1,31,2,,,,,,,,10,,,,,,,,,,,,,54,,,,,,,,,,,,,,
12430,0,0,非会员,1,,2,1,30,2,2.7,1.5,,,,,,,,,,,,,,,,,,,,,,,,,,,,,,,,,
12431,0,0,非会员,1,,2,1,30,2,3,,,,,,,,,,,,,,,,,,,,,,,,,,,,,,,,,,
12432,0,0,非会员,1,,2,1,30,2,,2,,,,,,,,,,,,,,,,,,,,,,,,,,,,,,,,,
12433,0,0,非会员,1,,2,1,31,2,,,,,,45,63,10,,,,,,,,,,,,,,,,,,,,,,,,,,,
12434,0,0,非会员,1,,2,1,31,2,,,,,,,,,,,,,,,,,,,,,180,,,,,,,,,,,,,,
12435,0,0,非会员,1,,2,1,31,2,,,,,,,,10,,,,,,,,,,,,,135,,,,,,,,,,,,,,
12436,0,0,非会员,1,,3,1,30,2,,1.5,,2.7,,,,,,,,,,,,,,,,,,,,,,,,,,,,,,,
12437,0,0,非会员,1,,3,1,30,2,,2,,,,,,,,,,,,,,,,,,,,,,,,,,,,,,,,,
12438,0,0,非会员,1,,3,1,30,2,,,,3.6,,,,,,,,,,,,,,,,,,,,,,,,,,,,,,,
12439,0,0,非会员,1,,3,1,31,2,,,,,,,,10,,,,,,,,,,,,,90,,,,,,,,,,,,,,
12440,0,0,非会员,1,,3,1,31,2,,,,,,,,,,,,,,,,,,,,,180,,,,,,,,,,,,,,
12441,0,0,非会员,1,,3,1,31,2,,,,,,,,10,,,,,,,,,,,,,,,,,,,,,,,,,,,
12442,0,0,非会员,1,,4,1,30,2,,1.5,,2.7,,,,,,,,,,,,,,,,,,,,,,,,,,,,,,,
12443,0,0,非会员,1,,4,1,30,2,,2,,,,,,,,,,,,,,,,,,,,,,,,,,,,,,,,,
12444,0,0,非会员,1,,4,1,30,2,,,,3.6,,,,,,,,,,,,,,,,,,,,,,,,,,,,,,,
12445,0,0,非会员,1,,4,1,31,2,,,,,,54,45,,,,,,,,,,,,,,,,,,,,,,,,,,,,
12446,0,0,非会员,1,,4,1,31,2,,,,,,,90,10,,,,,,,,,,,,,90,,,,,,,,,,,,,,
12447,0,0,非会员,1,,4,1,31,2,,,,,,,,10,,,,,,,,,,,,,180,,,,,,,,,,,,,,
12448,0,0,非会员,1,,5,1,30,2,,1.5,,,,,,,,,,,,,,,,,,,,,,,,,,,,,,,,,
12449,0,0,非会员,1,,5,1,30,2,,2,,,,,,,,,,,,,,,,,,,,,,,,,,,,,,,,,
12450,0,0,非会员,1,,5,1,30,2,,,,,,,,,,,,,,,,,,,,,,,,,,,,,,,,,,,
12451,0,0,非会员,1,,5,1,31,2,,,,,,,,,,,,18,,,,,,,,,54,,,,,,,,,,,,,,
12452,0,0,非会员,1,,5,1,31,2,,,,,,,,,,,,,18,,,,,,,,,,,,,,,,,,,,,,
12453,0,0,非会员,1,,5,1,31,2,,,,,,,,,,,,,,18,,,,,,,,,,,,,,,,,,,,,
12454,0,0,非会员,1,,6,1,30,2,,1.5,,,,,,,,,,,,,,,,,,,,,,,,,,,,,,,,,
12455,0,0,非会员,1,,6,1,30,2,,2,,,,,,,,,,,,,,,,,,,,,,,,,,,,,,,,,
12456,0,0,非会员,1,,7,1,30,2,,1.5,,,,,,,,,,,,,,,,,,,,,,,,,,,,,,,,,
12457,0,0,非会员,1,,7,1,30,2,,2,,,,,,,,,,,,,,,,,,,,,,,,,,,,,,,,,
12458,0,0,非会员,1,,7,1,30,2,,,,,,,,,,,,,,,,,,,,,,,,,,,,,,,,,,,
12459,0,0,非会员,1,,7,1,31,2,,,,,,,,,,,,18,,,,,,,,,,,,,,,,,,,,,,,
12460,0,0,非会员,1,,7,1,31,2,,,,,,,,,,,,,18,,,,,,,,,,,,,,,,,,,,,,
12461,0,0,非会员,1,,7,1,31,2,,,,,,,,,,,,,,18,,,,,,,54,,,,,,,,,,,,,,
12462,0,0,非会员,1,,8,1,30,2,,1.5,,,,,,,,,,,,,,,,,,,,,,,,,,,,,,,,,
12463,0,0,非会员,1,,8,1,30,2,,2,,,,,,,,,,,,,,,,,,,,,,,,,,,,,,,,,
12464,0,0,非会员,1,,9,1,30,2,2.7,1.5,,1.8,,,,,,,,,,,,,,,,,,,,,,,,,,,,,,,
12465,0,0,非会员,1,,9,1,30,2,,1.5,,,,,,,,,,,,,,,,,,,,,,,,,,,,,,,,,
12466,0,0,非会员,1,,9,1,30,2,,2,,,,,,,,,,,,,,,,,,,,,,,,,,,,,,,,,
12467,0,0,非会员,1,,9,1,31,2,,,,,,,,,27,,,,,,,,,,,5,,,,,,,,,,,,,,,
12468,0,0,非会员,1,,9,1,31,2,,,,,,,,,,,18,,,,,,,,,5,,,,,,,,,,,,,,,
12469,0,0,非会员,1,,9,1,31,2,,,,,,,,,18,,14.4,,,,,,,,,,,,,,,,,,,,,,,,
12470,0,0,非会员,1,,10,1,30,2,2.7,1.5,,1.8,,,,,,,,,,,,,,,,,,,,,,,,,,,,,,,
12471,0,0,非会员,1,,10,1,30,2,,1.5,,,,,,,,,,,,,,,,,,,,,,,,,,,,,,,,,
12472,0,0,非会员,1,,10,1,30,2,,2,,,,,,,,,,,,,,,,,,,,,,,,,,,,,,,,,
12473,0,0,非会员,1,,10,1,31,2,,,,,,,,,18,,,,,,,,,,,5,,,,,,,,,,,,,,,
12474,0,0,非会员,1,,10,1,31,2,,,,,,,,,,,18,,,,,,,,,5,,,,,,,,,,,,,,,
12475,0,0,非会员,1,,10,1,31,2,,,,,,,,,18,,14.4,,,,,,,,,,,,,,,,,,,,,,,,
12476,0,0,非会员,1,,11,1,30,2,2.7,1.5,,1.8,,,,,,,,,,,,,,,,,,,,,,,,,,,,,,,
12477,0,0,非会员,1,,11,1,30,2,,1.5,,,,,,,,,,,,,,,,,,,,,,,,,,,,,,,,,
12478,0,0,非会员,1,,11,1,30,2,,2,,,,,,,,,,,,,,,,,,,,,,,,,,,,,,,,,
12479,0,0,非会员,1,,11,1,31,2,,,,,,,,,18,,,,,,,,,,,5,,,,,,,,,,,,,,,
12480,0,0,非会员,1,,11,1,31,2,,,,,,,,,,,18,,,,,,,,,5,,,,,,,,,,,,,,,
12481,0,0,非会员,1,,11,1,31,2,,,,,,,,,27,,18,,,,,,,,,,,,,,,,,,,,,,,,
12482,0,0,非会员,1,,12,1,30,2,2.7,1.5,2.7,2.7,,,,,,,,,,,,,,,,,,,,,,,,,,,,,,,
12483,0,0,非会员,1,,12,1,30,2,,2,,,,,,,,,,,,,,,,,,,,,,,,,,,,,,,,,
12484,0,0,非会员,1,,12,1,30,2,3,,,3.15,,,,,,,,,,,,,,,,,,,,,,,,,,,,,,,
12485,0,0,非会员,1,,12,1,31,2,,,,,,,,,,,,,,,,,,,,,,,,,,90,,,,,,,,,
12486,0,0,非会员,1,,12,1,31,2,,,,,,,,,,,,,,,,,,,,,,,,90,,,,,,,,,,,
12487,0,0,非会员,1,,13,1,30,2,2.7,1.5,2.7,2.7,,,,,,,,,,,,,,,,,,,,,,,,,,,,,,,
12488,0,0,非会员,1,,13,1,30,2,,2,,,,,,,,,,,,,,,,,,,,,,,,,,,,,,,,,
12489,0,0,非会员,1,,13,1,30,2,3,,,3.15,,,,,,,,,,,,,,,,,,,,,,,,,,,,,,,
12490,0,0,非会员,1,,13,1,31,2,,,,,,,,,,,,,,,,,,,,,,90,,,,,,,,,,,,,
12491,0,0,非会员,1,,13,1,31,2,,,,,,,,,,,,,,,,,,,,,,,,90,,,,,,,,,,,
12492,0,0,非会员,1,,13,1,31,2,,,,,,,,,,,,,,,,,,,,,,,,,90,,,,,,,,,,
12493,0,0,非会员,1,,15,1,30,2,3,3,,,,,,,,,,,,,,,,,,,,,,,,,,,,,,,,,
12494,0,0,非会员,1,,15,1,30,2,,5,,,,,,,,,,,,,,,,,,,,,,,,,,,,,,,,,
12495,0,0,非会员,1,,15,1,31,2,,,,,,,,,36,,,,,,,,,,,,,,,,,,,,,,,,,,
12496,0,0,非会员,1,,15,1,31,2,,,,,,,,,18,,18,,,,,,,,,,,,,,,,,,,,,,,,
12497,0,0,非会员,1,,16,3,30,1,,,,,,,,,,,,,,,,,,,,5,,,,,,,,,,,,,,,
12498,0,0,非会员,1,,17,1,30,1,,1.25,,,,,,,,,,14.4,14.4,,,,,,,,,,,,,,,14.4,,,,,,,
12499,0,0,非会员,1,,18,1,30,1,,1.25,,,,,,,,,,14.4,14.4,,,,,,,,,,,,,,,18,,,,,,,
12500,0,0,非会员,1,,19,1,30,1,,1.25,,,,,,,,,,14.4,14.4,,,,,,,,,,,,,,,21.6,,,,,,,
12501,0,0,非会员,1,,20,1,30,1,,1.25,,,,,,,,,,14.4,14.4,,,,,,,,,,,,,,,25.2,,,,,,,
12502,0,0,非会员,1,,21,1,30,1,,1.25,,,,,,,,,,14.4,14.4,,,,,,,,,,,,,,,25.2,,,,,,,
12503,0,0,非会员,1,,22,1,30,1,,1.25,,,,,,,,,,14.4,14.4,,,,,,,,,,,,,,,28.8,,,,,,,
12504,0,0,非会员,1,,23,1,30,1,,1.25,,,,,,,,,,14.4,14.4,,,,,,,,,,,,,,,32.4,,,,,,,
12505,0,0,非会员,1,,24,1,30,1,,1.25,,,,,,,,,,14.4,,14.4,,,,,,,,,,,,,,14.4,,,,,,,
12506,0,0,非会员,1,,25,1,30,1,,1.25,,,,,,,,,,14.4,,14.4,,,,,,,,,,,,,,18,,,,,,,
12507,0,0,非会员,1,,26,1,30,1,,1.25,,,,,,,,,,14.4,,14.4,,,,,,,,,,,,,,21.6,,,,,,,
12508,0,0,非会员,1,,27,1,30,1,,1.25,,,,,,,,,,14.4,,14.4,,,,,,,,,,,,,,25.2,,,,,,,
12509,0,0,非会员,1,,28,1,30,1,,1.25,,,,,,,,,,14.4,,14.4,,,,,,,,,,,,,,25.2,,,,,,,
12510,0,0,非会员,1,,29,1,30,1,,1.25,,,,,,,,,,14.4,,14.4,,,,,,,,,,,,,,28.8,,,,,,,
12511,0,0,非会员,1,,30,1,30,1,,1.25,,,,,,,,,,14.4,,14.4,,,,,,,,,,,,,,32.4,,,,,,,
12512,0,0,非会员,1,,31,1,30,1,2.25,1.25,,2.25,,,,,18,,18,,,,,,,,,,,,,,,,,,,,36,,,,
12513,0,0,非会员,1,,32,3,30,1,,,,,,,,,,,,,,,,,,,,,,,,,,,,,,,,36,,,
12514,0,0,非会员,1,,33,3,30,1,,,,,,,,,,,,,,,,,,,,,,,,,,,,,,,,18,,,
12515,0,0,非会员,1,,34,3,30,1,,,,,,,,,,,,,,,,,,,,,,,,,,,,,,,,180,,,
12516,0,0,非会员,1,,35,3,30,1,,,,,,,,,,,,,,,,,,,,,,,,,,,,,,,18,,,,
12517,0,0,非会员,1,,36,3,30,1,,,,,,,,10,,,,,,,,,,,,,,,,,,,,,,,,,,,
12518,0,0,非会员,1,,37,3,30,1,,,,,,,,,,,,,,,,,,,,5,,,,,,,,,,,,,,,
12519,0,0,非会员,1,,38,3,30,1,,,,,,,,,,,,,,,,,,,,,,,,,,,36,,,,,,,,
12520,0,0,非会员,1,,39,3,30,1,,,,,,,,,,,,,,,,,,,,,,,,,,,21.6,9,,,,,,,
12521,0,0,非会员,1,,40,3,30,1,,,,,,,,,,,,,,,,,,,,,,,,,,,21.6,,,,14.4,,,,
12522,0,0,非会员,1,,41,2,30,1,,,,,,,,10,,,,,,,,,,,,5,27,,,,,,,,,,14.4,,,,
12523,0,0,非会员,1,,42,2,30,1,,,,,,,,,,,,36,36,36,,,,,,5,27,,,,,,,,,,14.4,,,,
12524,0,0,非会员,1,,49,1,30,2,3,2,3.6,3.6,,,,,,,,,,,,,,,,,,,,,,,,,,,,,,,
12525,0,0,非会员,1,,49,1,31,2,,,,,,,,,,,,54,,,,,,,,,,,,,,,,,,,,,,,
12526,0,0,非会员,1,,49,1,31,2,,,,,,,,,,,,,54,,,,,,,,,,,,,,,,,,,,,,
12527,0,0,非会员,1,,49,1,31,2,,,,,,,,,,,,,,54,,,,,,,,,,,,,,,,,,,,,
12528,0,0,非会员,1,,50,1,30,3,3,2.8,3.6,3.6,,41.4,18,,,39.6,,45,45,45,,,,,90,5,39.6,,,,,,,,,,,,,,
12529,0,0,非会员,1,,50,1,30,3,3,3.8,5.4,3.6,,41.4,18,,,39.6,,45,45,45,,,,,90,5,39.6,,,,,,,,,,,,,,
12530,0,0,非会员,1,,50,1,30,3,3,3.8,5.4,3.6,,41.4,18,,,39.6,,45,45,45,,,,,90,5,39.6,,,,,,,,,,,,,,
12531,0,0,非会员,1,,50,1,30,3,3,3.8,,3.6,,41.4,18,,,39.6,,45,45,45,,,,,90,5,,,,,,,,,,,,,,,
12532,0,0,非会员,1,,50,1,30,3,3,3.8,5.4,3.6,,41.4,18,,,39.6,,45,45,45,,,,,90,,39.6,,,,,,,,,,,,,,
12533,0,0,非会员,1,,50,1,30,3,,3.8,5.4,5.4,,41.4,18,,,39.6,,45,,45,,,,,90,5,39.6,,,,,,,,,,,,,,
12534,0,0,非会员,1,,50,1,30,3,,3.8,5.4,3.6,,41.4,18,,,39.6,,45,45,,,,,,90,5,39.6,,,,,,,,,,,,,,
12535,0,0,非会员,1,,50,1,30,3,3,3.8,,5.4,,41.4,18,,,39.6,,,45,45,,,,,90,5,39.6,,,,,,,,,,,,,,
12536,0,0,非会员,1,,51,1,31,2,3,4,5.4,3.6,,41.4,18,10,,39.6,,59.4,59.4,59.4,,,,,90,5,39.6,,,,,,,,,,,,,,
12537,0,0,非会员,1,,51,1,31,2,3,4,5.4,3.6,,41.4,18,10,,39.6,,59.4,64.8,64.8,,,,,90,5,39.6,,,,,,,,,,,,,,
12538,0,0,非会员,1,,51,1,31,2,3,4,3.6,3.6,,41.4,18,10,,39.6,,64.8,64.8,59.4,,,,,90,5,39.6,,,,,,,,,,,,,,
12539,0,0,非会员,1,,51,1,31,2,3,3.8,5.4,3.6,,41.4,18,10,,39.6,,64.8,59.4,64.8,,,,,90,5,39.6,,,,,,,,,,,,,,
12540,0,0,非会员,1,,51,1,31,2,3,4,5.4,3.6,,41.4,18,10,,39.6,,64.8,64.8,64.8,,,,,90,5,39.6,,,,,,,,,,,,,,
12541,0,0,非会员,1,,51,1,31,2,3,4,5.4,3.6,,41.4,18,10,,39.6,,64.8,64.8,64.8,,,,,90,5,39.6,,,,,,,,,,,,,3058.2,
12542,0,0,非会员,1,,52,1,31,2,3,4.2,6.84,3.6,,41.4,18,10,18,46.8,,66.6,66.6,66.6,1.8,1.8,1.8,,90,5,39.6,,,,,,7.2,,,,,,18,,
12543,0,0,非会员,1,,52,1,31,2,3,4.1,6.84,3.6,,41.4,18,10,18,46.8,,72,64.8,72,1.8,1.8,1.8,,90,5,39.6,,,,,,7.2,,,,,,18,,
12544,0,0,非会员,1,,52,1,31,2,3,4.4,6.84,3.6,,41.4,18,10,18,46.8,,72,72,64.8,1.8,1.8,1.8,,90,5,39.6,,,,,,7.2,,,,,,18,,
12545,0,0,非会员,1,,52,1,31,2,3,4.4,6.48,3.6,,41.4,18,10,18,46.8,,64.8,72,72,1.8,1.8,1.8,,90,5,39.6,,,,,,7.2,,,,,,18,,
12546,0,0,非会员,1,,52,1,31,2,3,4.5,6.84,3.6,,41.4,18,10,18,46.8,,72,72,72,1.8,1.8,1.8,,90,5,39.6,,,,,,7.2,,,,,,18,,
12547,0,0,非会员,1,,52,1,31,2,3,4.5,6.84,3.6,,41.4,18,10,18,46.8,,72,72,72,1.8,1.8,1.8,,90,5,39.6,,,,,,7.2,,,,,,18,3060,
12548,0,0,非会员,1,,53,1,31,2,3,5.4,8.64,3.6,,41.4,18,10,27,55.8,,73.8,81,81,1.8,1.8,1.8,,90,5,39.6,,,,,,7.2,,,,,,18,,
12549,0,0,非会员,1,,53,1,31,2,3,5.5,8.64,3.6,,41.4,18,10,27,55.8,,81,73.8,81,1.8,1.8,1.8,,90,5,39.6,,,,,,7.2,,,,,,18,,
12550,0,0,非会员,1,,53,1,31,2,3,5.6,8.64,3.6,,41.4,18,10,27,55.8,,81,81,73.8,1.8,1.8,1.8,,90,5,39.6,,,,,,7.2,,,,,,18,,
12551,0,0,非会员,1,,53,1,31,2,3,5.7,8.64,3.6,,41.4,18,10,27,55.8,,73.8,73.8,73.8,1.8,1.8,1.8,,90,5,39.6,,,,,,7.2,,,,,,18,,
12552,0,0,非会员,1,,53,1,31,2,3,5.8,8.64,3.6,,41.4,18,10,27,55.8,,81,81,81,1.8,1.8,1.8,,90,5,39.6,,,,,,7.2,,,,,,18,,
12553,0,0,非会员,1,,53,1,31,2,3,5.8,8.64,3.6,,41.4,18,10,27,55.8,,81,81,81,1.8,1.8,1.8,,90,5,39.6,,,,,,7.2,,,,,,18,3061.8,
12554,0,0,非会员,1,,54,1,31,2,3,6.6,8.64,3.6,,41.4,18,10,27,55.8,,99,91.8,99,1.8,1.8,1.8,,90,5,39.6,,,,,,7.2,,,,,,18,,
12555,0,0,非会员,1,,54,1,31,2,3,6.7,8.64,3.6,,41.4,18,10,27,55.8,,99,99,91.8,1.8,1.8,1.8,,90,5,39.6,,,,,,7.2,,,,,,18,,
12556,0,0,非会员,1,,54,1,31,2,3,6.8,8.64,3.6,,41.4,18,10,27,55.8,,91.8,99,99,1.8,1.8,1.8,,90,5,39.6,,,,,,7.2,,,,,,18,,
12557,0,0,非会员,1,,54,1,31,2,3,6.9,8.64,3.6,,41.4,18,10,27,55.8,,91.8,91.8,91.8,1.8,1.8,1.8,,90,5,39.6,,,,,,7.2,,,,,,18,,
12558,0,0,非会员,1,,54,1,31,2,3,7,8.64,3.6,,41.4,18,10,27,55.8,,99,99,99,1.8,1.8,1.8,,90,5,39.6,,,,,,7.2,,,,,,18,,
12559,0,0,非会员,1,,54,1,31,2,3,7,8.64,3.6,,41.4,18,10,27,55.8,,99,99,99,1.8,1.8,1.8,,90,5,39.6,,,,,,7.2,,,,,,18,3063.6,
12560,0,0,非会员,1,,134,1,30,1,,,,,,,,,,,27,,,,,,,,,,,,,,,,,,,,,,,,
12561,0,0,非会员,1,,134,1,31,1,,,,,,,,,,,,,,,,,,,,,,,,,36,,,,,,,,,,
12562,0,0,非会员,1,,134,1,31,1,,,,,,,,,,,,,,,,,,,,,,,,,,36,,,,,,,,,
12563,0,0,非会员,1,,134,1,31,1,,,,,,,,,,,,,,,,,,,,,,36,,,,,,,,,,,,,
12564,0,0,非会员,1,,134,1,31,1,,,,,,,,,,,,,,,,,,,,,,,,36,,,,,,,,,,,
12565,0,0,非会员,1,,134,1,31,1,,,,,,,,,,,,,,,,,,,,,27,,,,,,,,,,,,,,
12566,0,0,非会员,1,,134,1,31,1,,,,,,,,,,,,,,,,,,,,5,,,,,,,,,,,,,,,
12567,0,0,非会员,1,,134,1,31,1,,,,,,,,,,,,,,,,,12.6,,,,,,,,,,,,,,,,,,
12568,0,0,非会员,1,,134,1,31,1,,,,,,,,,,,,,,,,12.6,,,,,,,,,,,,,,,,,,,
12569,0,0,非会员,1,,134,1,31,1,,,,,,,,,,,,,,,12.6,,,,,,,,,,,,,,,,,,,,
12570,0,0,非会员,1,,134,1,31,1,,,,,,,,,27,,,,,,,,,,,,,,,,,,,,,,,,,,
12571,0,0,非会员,1,,134,1,31,1,,,,,,,,10,,,,,,,,,,,,,,,,,,,,,,,,,,,
12572,0,0,非会员,1,,134,1,31,1,,,,,,,27,,,,,,,,,,,,,,,,,,,,,,,,,,,,
12573,0,0,非会员,1,,134,1,31,1,,,,,,27,,,,,,,,,,,,,,,,,,,,,,,,,,,,,
12574,0,0,非会员,1,,134,1,31,1,,,,,,,,,,,,,,,,,,,,,,,,36,,,,,,,,,,,
12575,0,0,非会员,1,,134,1,31,1,,,,,2.16,,,,,,,,,,,,,,,,,,,,,,,,,,,,,,
12576,0,0,非会员,1,,134,1,31,1,,,,2.16,,,,,,,,,,,,,,,,,,,,,,,,,,,,,,,
12577,0,0,非会员,1,,134,1,31,1,,,2.16,,,,,,,,,,,,,,,,,,,,,,,,,,,,,,,,
12578,0,0,非会员,1,,134,1,31,1,,1.2,,,,,,,,,,,,,,,,,,,,,,,,,,,,,,,,,
12579,0,0,非会员,1,,134,1,31,1,2.16,,,,,,,,,,,,,,,,,,,,,,,,,,,,,,,,,,
12580,0,0,非会员,1,,134,1,31,1,,,,,,,,,,,,27,,,,,,,,,,,,,,,,,,,,,,,
12581,0,0,非会员,1,,134,1,31,1,,,,,,,,,,,,,27,,,,,,,,,,,,,,,,,,,,,,
12582,0,0,非会员,1,,134,1,31,1,,,,,,,,,,,,,,27,,,,,,,,,,,,,,,,,,,,,
12583,0,0,非会员,1,,185,1,30,1,,,,,,,,,,,,36,,,,,,,,,,,,,,,,,,,,,,,
12584,0,0,非会员,1,,185,1,31,1,,,,,,,,,,,,,,,,,,,,,,,,,36,,,,,,,,,,
12585,0,0,非会员,1,,185,1,31,1,,,,,,,,,,,,,,,,,,,,,,,,,,36,,,,,,,,,
12586,0,0,非会员,1,,185,1,31,1,,,,,,,,,,,,,,,,,,,,,,36,,,,,,,,,,,,,
12587,0,0,非会员,1,,185,1,31,1,,,,,,,,,,,,,,,,,,,,,,,,36,,,,,,,,,,,
12588,0,0,非会员,1,,185,1,31,1,,,,,,,,,,,,,,,,,,,,,27,,,,,,,,,,,,,,
12589,0,0,非会员,1,,185,1,31,1,,,,,,,,,,,,,,,,,,,,5,,,,,,,,,,,,,,,
12590,0,0,非会员,1,,185,1,31,1,,,,,,,,,,,,,,,,,12.6,,,,,,,,,,,,,,,,,,
12591,0,0,非会员,1,,185,1,31,1,,,,,,,,,,,,,,,,12.6,,,,,,,,,,,,,,,,,,,
12592,0,0,非会员,1,,185,1,31,1,,,,,,,,,,,,,,,12.6,,,,,,,,,,,,,,,,,,,,
12593,0,0,非会员,1,,185,1,31,1,,,,,,,,,27,,,,,,,,,,,,,,,,,,,,,,,,,,
12594,0,0,非会员,1,,185,1,31,1,,,,,,,,10,,,,,,,,,,,,,,,,,,,,,,,,,,,
12595,0,0,非会员,1,,185,1,31,1,,,,,,,27,,,,,,,,,,,,,,,,,,,,,,,,,,,,
12596,0,0,非会员,1,,185,1,31,1,,,,,,27,,,,,,,,,,,,,,,,,,,,,,,,,,,,,
12597,0,0,非会员,1,,185,1,31,1,,,,,,,,,,,,,,,,,,,,,,,,36,,,,,,,,,,,
12598,0,0,非会员,1,,185,1,31,1,,,,,2.16,,,,,,,,,,,,,,,,,,,,,,,,,,,,,,
12599,0,0,非会员,1,,185,1,31,1,,,,2.16,,,,,,,,,,,,,,,,,,,,,,,,,,,,,,,
12600,0,0,非会员,1,,185,1,31,1,,,2.16,,,,,,,,,,,,,,,,,,,,,,,,,,,,,,,,
12601,0,0,非会员,1,,185,1,31,1,,1.2,,,,,,,,,,,,,,,,,,,,,,,,,,,,,,,,,
12602,0,0,非会员,1,,185,1,31,1,2.16,,,,,,,,,,,,,,,,,,,,,,,,,,,,,,,,,,
12603,0,0,非会员,1,,185,1,31,1,,,,,,,,,,,27,,,,,,,,,,,,,,,,,,,,,,,,
12604,0,0,非会员,1,,185,1,31,1,,,,,,,,,,,,,27,,,,,,,,,,,,,,,,,,,,,,
12605,0,0,非会员,1,,185,1,31,1,,,,,,,,,,,,,,27,,,,,,,,,,,,,,,,,,,,,
12606,0,0,非会员,1,,186,1,30,1,,,,,,,,,,,,,36,,,,,,,,,,,,,,,,,,,,,,
12607,0,0,非会员,1,,186,1,31,1,,,,,,,,,,,,,,,,,,,,,,,,,36,,,,,,,,,,
12608,0,0,非会员,1,,186,1,31,1,,,,,,,,,,,,,,,,,,,,,,,,,,36,,,,,,,,,
12609,0,0,非会员,1,,186,1,31,1,,,,,,,,,,,,,,,,,,,,,,36,,,,,,,,,,,,,
12610,0,0,非会员,1,,186,1,31,1,,,,,,,,,,,,,,,,,,,,,,,,36,,,,,,,,,,,
12611,0,0,非会员,1,,186,1,31,1,,,,,,,,,,,,,,,,,,,,,27,,,,,,,,,,,,,,
12612,0,0,非会员,1,,186,1,31,1,,,,,,,,,,,,,,,,,,,,5,,,,,,,,,,,,,,,
12613,0,0,非会员,1,,186,1,31,1,,,,,,,,,,,,,,,,,12.6,,,,,,,,,,,,,,,,,,
12614,0,0,非会员,1,,186,1,31,1,,,,,,,,,,,,,,,,12.6,,,,,,,,,,,,,,,,,,,
12615,0,0,非会员,1,,186,1,31,1,,,,,,,,,,,,,,,12.6,,,,,,,,,,,,,,,,,,,,
12616,0,0,非会员,1,,186,1,31,1,,,,,,,,,27,,,,,,,,,,,,,,,,,,,,,,,,,,
12617,0,0,非会员,1,,186,1,31,1,,,,,,,,10,,,,,,,,,,,,,,,,,,,,,,,,,,,
12618,0,0,非会员,1,,186,1,31,1,,,,,,,27,,,,,,,,,,,,,,,,,,,,,,,,,,,,
12619,0,0,非会员,1,,186,1,31,1,,,,,,27,,,,,,,,,,,,,,,,,,,,,,,,,,,,,
12620,0,0,非会员,1,,186,1,31,1,,,,,,,,,,,,,,,,,,,,,,,,36,,,,,,,,,,,
12621,0,0,非会员,1,,186,1,31,1,,,,,2.16,,,,,,,,,,,,,,,,,,,,,,,,,,,,,,
12622,0,0,非会员,1,,186,1,31,1,,,,2.16,,,,,,,,,,,,,,,,,,,,,,,,,,,,,,,
12623,0,0,非会员,1,,186,1,31,1,,,2.16,,,,,,,,,,,,,,,,,,,,,,,,,,,,,,,,
12624,0,0,非会员,1,,186,1,31,1,,1.2,,,,,,,,,,,,,,,,,,,,,,,,,,,,,,,,,
12625,0,0,非会员,1,,186,1,31,1,2.16,,,,,,,,,,,,,,,,,,,,,,,,,,,,,,,,,,
12626,0,0,非会员,1,,186,1,31,1,,,,,,,,,,,27,,,,,,,,,,,,,,,,,,,,,,,,
12627,0,0,非会员,1,,186,1,31,1,,,,,,,,,,,,27,,,,,,,,,,,,,,,,,,,,,,,
12628,0,0,非会员,1,,186,1,31,1,,,,,,,,,,,,,,27,,,,,,,,,,,,,,,,,,,,,
12629,0,0,非会员,1,,187,1,30,1,,,,,,,,,,,,,,36,,,,,,,,,,,,,,,,,,,,,
12630,0,0,非会员,1,,187,1,31,1,,,,,,,,,,,,,,,,,,,,,,,,,36,,,,,,,,,,
12631,0,0,非会员,1,,187,1,31,1,,,,,,,,,,,,,,,,,,,,,,,,,,36,,,,,,,,,
12632,0,0,非会员,1,,187,1,31,1,,,,,,,,,,,,,,,,,,,,,,36,,,,,,,,,,,,,
12633,0,0,非会员,1,,187,1,31,1,,,,,,,,,,,,,,,,,,,,,,,,36,,,,,,,,,,,
12634,0,0,非会员,1,,187,1,31,1,,,,,,,,,,,,,,,,,,,,,27,,,,,,,,,,,,,,
12635,0,0,非会员,1,,187,1,31,1,,,,,,,,,,,,,,,,,,,,5,,,,,,,,,,,,,,,
12636,0,0,非会员,1,,187,1,31,1,,,,,,,,,,,,,,,,,12.6,,,,,,,,,,,,,,,,,,
12637,0,0,非会员,1,,187,1,31,1,,,,,,,,,,,,,,,,12.6,,,,,,,,,,,,,,,,,,,
12638,0,0,非会员,1,,187,1,31,1,,,,,,,,,,,,,,,12.6,,,,,,,,,,,,,,,,,,,,
12639,0,0,非会员,1,,187,1,31,1,,,,,,,,,27,,,,,,,,,,,,,,,,,,,,,,,,,,
12640,0,0,非会员,1,,187,1,31,1,,,,,,,,10,,,,,,,,,,,,,,,,,,,,,,,,,,,
12641,0,0,非会员,1,,187,1,31,1,,,,,,,27,,,,,,,,,,,,,,,,,,,,,,,,,,,,
12642,0,0,非会员,1,,187,1,31,1,,,,,,27,,,,,,,,,,,,,,,,,,,,,,,,,,,,,
12643,0,0,非会员,1,,187,1,31,1,,,,,,,,,,,,,,,,,,,,,,,,36,,,,,,,,,,,
12644,0,0,非会员,1,,187,1,31,1,,,,,2.16,,,,,,,,,,,,,,,,,,,,,,,,,,,,,,
12645,0,0,非会员,1,,187,1,31,1,,,,2.16,,,,,,,,,,,,,,,,,,,,,,,,,,,,,,,
12646,0,0,非会员,1,,187,1,31,1,,,2.16,,,,,,,,,,,,,,,,,,,,,,,,,,,,,,,,
12647,0,0,非会员,1,,187,1,31,1,,1.2,,,,,,,,,,,,,,,,,,,,,,,,,,,,,,,,,
12648,0,0,非会员,1,,187,1,31,1,2.16,,,,,,,,,,,,,,,,,,,,,,,,,,,,,,,,,,
12649,0,0,非会员,1,,187,1,31,1,,,,,,,,,,,27,,,,,,,,,,,,,,,,,,,,,,,,
12650,0,0,非会员,1,,187,1,31,1,,,,,,,,,,,,27,,,,,,,,,,,,,,,,,,,,,,,
12651,0,0,非会员,1,,187,1,31,1,,,,,,,,,,,,,27,,,,,,,,,,,,,,,,,,,,,,
12652,0,0,非会员,1,,188,1,30,1,,,,,,,,,,,,,,,12.6,,,,,,,,,,,,,,,,,,,,
12653,0,0,非会员,1,,188,1,31,1,,,,,,,,,,,,,,,,,,,,,,,,,36,,,,,,,,,,
12654,0,0,非会员,1,,188,1,31,1,,,,,,,,,,,,,,,,,,,,,,,,,,36,,,,,,,,,
12655,0,0,非会员,1,,188,1,31,1,,,,,,,,,,,,,,,,,,,,,,36,,,,,,,,,,,,,
12656,0,0,非会员,1,,188,1,31,1,,,,,,,,,,,,,,,,,,,,,,,,36,,,,,,,,,,,
12657,0,0,非会员,1,,188,1,31,1,,,,,,,,,,,,,,,,,,,,,27,,,,,,,,,,,,,,
12658,0,0,非会员,1,,188,1,31,1,,,,,,,,,,,,,,,,,,,,5,,,,,,,,,,,,,,,
12659,0,0,非会员,1,,188,1,31,1,,,,,,,,,,,,,,,,,12.6,,,,,,,,,,,,,,,,,,
12660,0,0,非会员,1,,188,1,31,1,,,,,,,,,,,,,,,,12.6,,,,,,,,,,,,,,,,,,,
12661,0,0,非会员,1,,188,1,31,1,,,,,,,,,,,,,,27,,,,,,,,,,,,,,,,,,,,,
12662,0,0,非会员,1,,188,1,31,1,,,,,,,,,27,,,,,,,,,,,,,,,,,,,,,,,,,,
12663,0,0,非会员,1,,188,1,31,1,,,,,,,,10,,,,,,,,,,,,,,,,,,,,,,,,,,,
12664,0,0,非会员,1,,188,1,31,1,,,,,,,27,,,,,,,,,,,,,,,,,,,,,,,,,,,,
12665,0,0,非会员,1,,188,1,31,1,,,,,,27,,,,,,,,,,,,,,,,,,,,,,,,,,,,,
12666,0,0,非会员,1,,188,1,31,1,,,,,,,,,,,,,,,,,,,,,,,,36,,,,,,,,,,,
12667,0,0,非会员,1,,188,1,31,1,,,,,2.16,,,,,,,,,,,,,,,,,,,,,,,,,,,,,,
12668,0,0,非会员,1,,188,1,31,1,,,,2.16,,,,,,,,,,,,,,,,,,,,,,,,,,,,,,,
12669,0,0,非会员,1,,188,1,31,1,,,2.16,,,,,,,,,,,,,,,,,,,,,,,,,,,,,,,,
12670,0,0,非会员,1,,188,1,31,1,,1.2,,,,,,,,,,,,,,,,,,,,,,,,,,,,,,,,,
12671,0,0,非会员,1,,188,1,31,1,2.16,,,,,,,,,,,,,,,,,,,,,,,,,,,,,,,,,,
12672,0,0,非会员,1,,188,1,31,1,,,,,,,,,,,27,,,,,,,,,,,,,,,,,,,,,,,,
12673,0,0,非会员,1,,188,1,31,1,,,,,,,,,,,,27,,,,,,,,,,,,,,,,,,,,,,,
12674,0,0,非会员,1,,188,1,31,1,,,,,,,,,,,,,27,,,,,,,,,,,,,,,,,,,,,,
12675,0,0,非会员,1,,189,1,30,1,,,,,,,,,,,,,,,,12.6,,,,,,,,,,,,,,,,,,,
12676,0,0,非会员,1,,189,1,31,1,,,,,,,,,,,,,,,,,,,,,,,,,36,,,,,,,,,,
12677,0,0,非会员,1,,189,1,31,1,,,,,,,,,,,,,,,,,,,,,,,,,,36,,,,,,,,,
12678,0,0,非会员,1,,189,1,31,1,,,,,,,,,,,,,,,,,,,,,,36,,,,,,,,,,,,,
12679,0,0,非会员,1,,189,1,31,1,,,,,,,,,,,,,,,,,,,,,,,,36,,,,,,,,,,,
12680,0,0,非会员,1,,189,1,31,1,,,,,,,,,,,,,,,,,,,,,27,,,,,,,,,,,,,,
12681,0,0,非会员,1,,189,1,31,1,,,,,,,,,,,,,,,,,,,,5,,,,,,,,,,,,,,,
12682,0,0,非会员,1,,189,1,31,1,,,,,,,,,,,,,,,,,12.6,,,,,,,,,,,,,,,,,,
12683,0,0,非会员,1,,189,1,31,1,,,,,,,,,,,,,,,12.6,,,,,,,,,,,,,,,,,,,,
12684,0,0,非会员,1,,189,1,31,1,,,,,,,,,,,,,,27,,,,,,,,,,,,,,,,,,,,,
12685,0,0,非会员,1,,189,1,31,1,,,,,,,,,27,,,,,,,,,,,,,,,,,,,,,,,,,,
12686,0,0,非会员,1,,189,1,31,1,,,,,,,,10,,,,,,,,,,,,,,,,,,,,,,,,,,,
12687,0,0,非会员,1,,189,1,31,1,,,,,,,27,,,,,,,,,,,,,,,,,,,,,,,,,,,,
12688,0,0,非会员,1,,189,1,31,1,,,,,,27,,,,,,,,,,,,,,,,,,,,,,,,,,,,,
12689,0,0,非会员,1,,189,1,31,1,,,,,,,,,,,,,,,,,,,,,,,,36,,,,,,,,,,,
12690,0,0,非会员,1,,189,1,31,1,,,,,2.16,,,,,,,,,,,,,,,,,,,,,,,,,,,,,,
12691,0,0,非会员,1,,189,1,31,1,,,,2.16,,,,,,,,,,,,,,,,,,,,,,,,,,,,,,,
12692,0,0,非会员,1,,189,1,31,1,,,2.16,,,,,,,,,,,,,,,,,,,,,,,,,,,,,,,,
12693,0,0,非会员,1,,189,1,31,1,,1.2,,,,,,,,,,,,,,,,,,,,,,,,,,,,,,,,,
12694,0,0,非会员,1,,189,1,31,1,2.16,,,,,,,,,,,,,,,,,,,,,,,,,,,,,,,,,,
12695,0,0,非会员,1,,189,1,31,1,,,,,,,,,,,27,,,,,,,,,,,,,,,,,,,,,,,,
12696,0,0,非会员,1,,189,1,31,1,,,,,,,,,,,,27,,,,,,,,,,,,,,,,,,,,,,,
12697,0,0,非会员,1,,189,1,31,1,,,,,,,,,,,,,27,,,,,,,,,,,,,,,,,,,,,,
12698,0,0,非会员,1,,190,1,30,1,,,,,,,,,,,,,,,,,12.6,,,,,,,,,,,,,,,,,,
12699,0,0,非会员,1,,190,1,31,1,,,,,,,,,,,,,,,,,,,,,,,,,36,,,,,,,,,,
12700,0,0,非会员,1,,190,1,31,1,,,,,,,,,,,,,,,,,,,,,,,,,,36,,,,,,,,,
12701,0,0,非会员,1,,190,1,31,1,,,,,,,,,,,,,,,,,,,,,,36,,,,,,,,,,,,,
12702,0,0,非会员,1,,190,1,31,1,,,,,,,,,,,,,,,,,,,,,,,,36,,,,,,,,,,,
12703,0,0,非会员,1,,190,1,31,1,,,,,,,,,,,,,,,,,,,,,27,,,,,,,,,,,,,,
12704,0,0,非会员,1,,190,1,31,1,,,,,,,,,,,,,,,,,,,,5,,,,,,,,,,,,,,,
12705,0,0,非会员,1,,190,1,31,1,,,,,,,,,,,,,,,,12.6,,,,,,,,,,,,,,,,,,,
12706,0,0,非会员,1,,190,1,31,1,,,,,,,,,,,,,,,12.6,,,,,,,,,,,,,,,,,,,,
12707,0,0,非会员,1,,190,1,31,1,,,,,,,,,,,,,,27,,,,,,,,,,,,,,,,,,,,,
12708,0,0,非会员,1,,190,1,31,1,,,,,,,,,27,,,,,,,,,,,,,,,,,,,,,,,,,,
12709,0,0,非会员,1,,190,1,31,1,,,,,,,,10,,,,,,,,,,,,,,,,,,,,,,,,,,,
12710,0,0,非会员,1,,190,1,31,1,,,,,,,27,,,,,,,,,,,,,,,,,,,,,,,,,,,,
12711,0,0,非会员,1,,190,1,31,1,,,,,,27,,,,,,,,,,,,,,,,,,,,,,,,,,,,,
12712,0,0,非会员,1,,190,1,31,1,,,,,,,,,,,,,,,,,,,,,,,,36,,,,,,,,,,,
12713,0,0,非会员,1,,190,1,31,1,,,,,2.16,,,,,,,,,,,,,,,,,,,,,,,,,,,,,,
12714,0,0,非会员,1,,190,1,31,1,,,,2.16,,,,,,,,,,,,,,,,,,,,,,,,,,,,,,,
12715,0,0,非会员,1,,190,1,31,1,,,2.16,,,,,,,,,,,,,,,,,,,,,,,,,,,,,,,,
12716,0,0,非会员,1,,190,1,31,1,,1.2,,,,,,,,,,,,,,,,,,,,,,,,,,,,,,,,,
12717,0,0,非会员,1,,190,1,31,1,2.16,,,,,,,,,,,,,,,,,,,,,,,,,,,,,,,,,,
12718,0,0,非会员,1,,190,1,31,1,,,,,,,,,,,27,,,,,,,,,,,,,,,,,,,,,,,,
12719,0,0,非会员,1,,190,1,31,1,,,,,,,,,,,,27,,,,,,,,,,,,,,,,,,,,,,,
12720,0,0,非会员,1,,190,1,31,1,,,,,,,,,,,,,27,,,,,,,,,,,,,,,,,,,,,,
12721,0,0,非会员,1,,191,1,30,1,,,,,,,,,,,,,,,,,,15,,,,,,,,,,,,,,,,,
12722,0,0,非会员,1,,191,1,31,1,,,,,,,,,,,,,,,,,,,,,,,,,36,,,,,,,,,,
12723,0,0,非会员,1,,191,1,31,1,,,,,,,,,,,,,,,,,,,,,,,,,,36,,,,,,,,,
12724,0,0,非会员,1,,191,1,31,1,,,,,,,,,,,,,,,,,,,,,,36,,,,,,,,,,,,,
12725,0,0,非会员,1,,191,1,31,1,,,,,,,,,,,,,,,,,,,,,,,,36,,,,,,,,,,,
12726,0,0,非会员,1,,191,1,31,1,,,,,,,,,,,,,,,,,,,,,27,,,,,,,,,,,,,,
12727,0,0,非会员,1,,191,1,31,1,,,,,,,,,,,,,,,,,,,,5,,,,,,,,,,,,,,,
12728,0,0,非会员,1,,191,1,31,1,,,,,,,,,,,,,,,,12.6,,,,,,,,,,,,,,,,,,,
12729,0,0,非会员,1,,191,1,31,1,,,,,,,,,,,,,,,12.6,,,,,,,,,,,,,,,,,,,,
12730,0,0,非会员,1,,191,1,31,1,,,,,,,,,,,,,,27,,,,,,,,,,,,,,,,,,,,,
12731,0,0,非会员,1,,191,1,31,1,,,,,,,,,27,,,,,,,,,,,,,,,,,,,,,,,,,,
12732,0,0,非会员,1,,191,1,31,1,,,,,,,,10,,,,,,,,,,,,,,,,,,,,,,,,,,,
12733,0,0,非会员,1,,191,1,31,1,,,,,,,27,,,,,,,,,,,,,,,,,,,,,,,,,,,,
12734,0,0,非会员,1,,191,1,31,1,,,,,,27,,,,,,,,,,,,,,,,,,,,,,,,,,,,,
12735,0,0,非会员,1,,191,1,31,1,,,,,,,,,,,,,,,,,,,,,,,,36,,,,,,,,,,,
12736,0,0,非会员,1,,191,1,31,1,,,,,2.16,,,,,,,,,,,,,,,,,,,,,,,,,,,,,,
12737,0,0,非会员,1,,191,1,31,1,,,,2.16,,,,,,,,,,,,,,,,,,,,,,,,,,,,,,,
12738,0,0,非会员,1,,191,1,31,1,,,2.16,,,,,,,,,,,,,,,,,,,,,,,,,,,,,,,,
12739,0,0,非会员,1,,191,1,31,1,,1.2,,,,,,,,,,,,,,,,,,,,,,,,,,,,,,,,,
12740,0,0,非会员,1,,191,1,31,1,2.16,,,,,,,,,,,,,,,,,,,,,,,,,,,,,,,,,,
12741,0,0,非会员,1,,191,1,31,1,,,,,,,,,,,27,,,,,,,,,,,,,,,,,,,,,,,,
12742,0,0,非会员,1,,191,1,31,1,,,,,,,,,,,,27,,,,,,,,,,,,,,,,,,,,,,,
12743,0,0,非会员,1,,191,1,31,1,,,,,,,,,,,,,27,,,,,,,,,,,,,,,,,,,,,,
12744,0,0,非会员,1,,192,1,30,1,,,,,,,,,,,,,,,,,,,27,,,,,,,,,,,,,,,,
12745,0,0,非会员,1,,192,1,31,1,,,,,,,,,,,,,,,,,,,,,,,,,36,,,,,,,,,,
12746,0,0,非会员,1,,192,1,31,1,,,,,,,,,,,,,,,,,,,,,,,,,,36,,,,,,,,,
12747,0,0,非会员,1,,192,1,31,1,,,,,,,,,,,,,,,,,,,,,,36,,,,,,,,,,,,,
12748,0,0,非会员,1,,192,1,31,1,,,,,,,,,,,,,,,,,,,,,,,,36,,,,,,,,,,,
12749,0,0,非会员,1,,192,1,31,1,,,,,,,,,,,,,,,,,,,,,27,,,,,,,,,,,,,,
12750,0,0,非会员,1,,192,1,31,1,,,,,,,,,,,,,,,,,,,,5,,,,,,,,,,,,,,,
12751,0,0,非会员,1,,192,1,31,1,,,,,,,,,,,,,,,,12.6,,,,,,,,,,,,,,,,,,,
12752,0,0,非会员,1,,192,1,31,1,,,,,,,,,,,,,,,12.6,,,,,,,,,,,,,,,,,,,,
12753,0,0,非会员,1,,192,1,31,1,,,,,,,,,,,,,,27,,,,,,,,,,,,,,,,,,,,,
12754,0,0,非会员,1,,192,1,31,1,,,,,,,,,27,,,,,,,,,,,,,,,,,,,,,,,,,,
12755,0,0,非会员,1,,192,1,31,1,,,,,,,,10,,,,,,,,,,,,,,,,,,,,,,,,,,,
12756,0,0,非会员,1,,192,1,31,1,,,,,,,27,,,,,,,,,,,,,,,,,,,,,,,,,,,,
12757,0,0,非会员,1,,192,1,31,1,,,,,,27,,,,,,,,,,,,,,,,,,,,,,,,,,,,,
12758,0,0,非会员,1,,192,1,31,1,,,,,,,,,,,,,,,,,,,,,,,,36,,,,,,,,,,,
12759,0,0,非会员,1,,192,1,31,1,,,,,2.16,,,,,,,,,,,,,,,,,,,,,,,,,,,,,,
12760,0,0,非会员,1,,192,1,31,1,,,,2.16,,,,,,,,,,,,,,,,,,,,,,,,,,,,,,,
12761,0,0,非会员,1,,192,1,31,1,,,2.16,,,,,,,,,,,,,,,,,,,,,,,,,,,,,,,,
12762,0,0,非会员,1,,192,1,31,1,,1.2,,,,,,,,,,,,,,,,,,,,,,,,,,,,,,,,,
12763,0,0,非会员,1,,192,1,31,1,2.16,,,,,,,,,,,,,,,,,,,,,,,,,,,,,,,,,,
12764,0,0,非会员,1,,192,1,31,1,,,,,,,,,,,27,,,,,,,,,,,,,,,,,,,,,,,,
12765,0,0,非会员,1,,192,1,31,1,,,,,,,,,,,,27,,,,,,,,,,,,,,,,,,,,,,,
12766,0,0,非会员,1,,192,1,31,1,,,,,,,,,,,,,27,,,,,,,,,,,,,,,,,,,,,,
12767,0,0,非会员,1,,69,1,30,1,,,,,,,,,,,,,,,,,,,,5,,,,,,,,,,,,,,,
12768,0,0,非会员,1,,69,1,31,1,,,,,,,,,,,,,,,,,,,,,,,,,36,,,,,,,,,,
12769,0,0,非会员,1,,69,1,31,1,,,,,,,,,,,,,,,,,,,,,,,,,,36,,,,,,,,,
12770,0,0,非会员,1,,69,1,31,1,,,,,,,,,,,,,,,,,,,,,,36,,,,,,,,,,,,,
12771,0,0,非会员,1,,69,1,31,1,,,,,,,,,,,,,,,,,,,,,,,,36,,,,,,,,,,,
12772,0,0,非会员,1,,69,1,31,1,,,,,,,,,,,,,,,,,,,,,27,,,,,,,,,,,,,,
12773,0,0,非会员,1,,69,1,31,1,,,,,,,,,,,,,,,,,12.6,,,,,,,,,,,,,,,,,,
12774,0,0,非会员,1,,69,1,31,1,,,,,,,,,,,,,,,,12.6,,,,,,,,,,,,,,,,,,,
12775,0,0,非会员,1,,69,1,31,1,,,,,,,,,,,,,,,12.6,,,,,,,,,,,,,,,,,,,,
12776,0,0,非会员,1,,69,1,31,1,,,,,,,,,,,,,,27,,,,,,,,,,,,,,,,,,,,,
12777,0,0,非会员,1,,69,1,31,1,,,,,,,,,27,,,,,,,,,,,,,,,,,,,,,,,,,,
12778,0,0,非会员,1,,69,1,31,1,,,,,,,,10,,,,,,,,,,,,,,,,,,,,,,,,,,,
12779,0,0,非会员,1,,69,1,31,1,,,,,,,27,,,,,,,,,,,,,,,,,,,,,,,,,,,,
12780,0,0,非会员,1,,69,1,31,1,,,,,,27,,,,,,,,,,,,,,,,,,,,,,,,,,,,,
12781,0,0,非会员,1,,69,1,31,1,,,,,,,,,,,,,,,,,,,,,,,,36,,,,,,,,,,,
12782,0,0,非会员,1,,69,1,31,1,,,,,2.16,,,,,,,,,,,,,,,,,,,,,,,,,,,,,,
12783,0,0,非会员,1,,69,1,31,1,,,,2.16,,,,,,,,,,,,,,,,,,,,,,,,,,,,,,,
12784,0,0,非会员,1,,69,1,31,1,,,2.16,,,,,,,,,,,,,,,,,,,,,,,,,,,,,,,,
12785,0,0,非会员,1,,69,1,31,1,,1.2,,,,,,,,,,,,,,,,,,,,,,,,,,,,,,,,,
12786,0,0,非会员,1,,69,1,31,1,2.16,,,,,,,,,,,,,,,,,,,,,,,,,,,,,,,,,,
12787,0,0,非会员,1,,69,1,31,1,,,,,,,,,,,27,,,,,,,,,,,,,,,,,,,,,,,,
12788,0,0,非会员,1,,69,1,31,1,,,,,,,,,,,,27,,,,,,,,,,,,,,,,,,,,,,,
12789,0,0,非会员,1,,69,1,31,1,,,,,,,,,,,,,27,,,,,,,,,,,,,,,,,,,,,,
12790,0,0,非会员,1,,70,1,30,1,,,,,,,,,,,,,,,,,,,,,27,,,,,,,,,,,,,,
12791,0,0,非会员,1,,70,1,31,1,,,,,,,,,,,,,,,,,,,,,,,,,36,,,,,,,,,,
12792,0,0,非会员,1,,70,1,31,1,,,,,,,,,,,,,,,,,,,,,,,,,,36,,,,,,,,,
12793,0,0,非会员,1,,70,1,31,1,,,,,,,,,,,,,,,,,,,,,,36,,,,,,,,,,,,,
12794,0,0,非会员,1,,70,1,31,1,,,,,,,,,,,,,,,,,,,,,,,,36,,,,,,,,,,,
12795,0,0,非会员,1,,70,1,31,1,,,,,,,,,,,,,,,,,,,,5,,,,,,,,,,,,,,,
12796,0,0,非会员,1,,70,1,31,1,,,,,,,,,,,,,,,,,12.6,,,,,,,,,,,,,,,,,,
12797,0,0,非会员,1,,70,1,31,1,,,,,,,,,,,,,,,,12.6,,,,,,,,,,,,,,,,,,,
12798,0,0,非会员,1,,70,1,31,1,,,,,,,,,,,,,,,12.6,,,,,,,,,,,,,,,,,,,,
12799,0,0,非会员,1,,70,1,31,1,,,,,,,,,,,,,,27,,,,,,,,,,,,,,,,,,,,,
12800,0,0,非会员,1,,70,1,31,1,,,,,,,,,27,,,,,,,,,,,,,,,,,,,,,,,,,,
12801,0,0,非会员,1,,70,1,31,1,,,,,,,,10,,,,,,,,,,,,,,,,,,,,,,,,,,,
12802,0,0,非会员,1,,70,1,31,1,,,,,,,27,,,,,,,,,,,,,,,,,,,,,,,,,,,,
12803,0,0,非会员,1,,70,1,31,1,,,,,,27,,,,,,,,,,,,,,,,,,,,,,,,,,,,,
12804,0,0,非会员,1,,70,1,31,1,,,,,,,,,,,,,,,,,,,,,,,,36,,,,,,,,,,,
12805,0,0,非会员,1,,70,1,31,1,,,,,2.16,,,,,,,,,,,,,,,,,,,,,,,,,,,,,,
12806,0,0,非会员,1,,70,1,31,1,,,,2.16,,,,,,,,,,,,,,,,,,,,,,,,,,,,,,,
12807,0,0,非会员,1,,70,1,31,1,,,2.16,,,,,,,,,,,,,,,,,,,,,,,,,,,,,,,,
12808,0,0,非会员,1,,70,1,31,1,,1.2,,,,,,,,,,,,,,,,,,,,,,,,,,,,,,,,,
12809,0,0,非会员,1,,70,1,31,1,2.16,,,,,,,,,,,,,,,,,,,,,,,,,,,,,,,,,,
12810,0,0,非会员,1,,70,1,31,1,,,,,,,,,,,27,,,,,,,,,,,,,,,,,,,,,,,,
12811,0,0,非会员,1,,70,1,31,1,,,,,,,,,,,,27,,,,,,,,,,,,,,,,,,,,,,,
12812,0,0,非会员,1,,70,1,31,1,,,,,,,,,,,,,27,,,,,,,,,,,,,,,,,,,,,,
12813,0,0,非会员,1,,71,1,30,1,,,,,,,,,,,,,,,,,,,,,,,,,,,18,,,,,,,,
12814,0,0,非会员,1,,71,1,31,1,,,,,,,,,,,,,,,,,,,,,,,,,36,,,,,,,,,,
12815,0,0,非会员,1,,71,1,31,1,,,,,,,,,,,,,,,,,,,,,,,,,,36,,,,,,,,,
12816,0,0,非会员,1,,71,1,31,1,,,,,,,,,,,,,,,,,,,,,,36,,,,,,,,,,,,,
12817,0,0,非会员,1,,71,1,31,1,,,,,,,,,,,,,,,,,,,,,,,,36,,,,,,,,,,,
12818,0,0,非会员,1,,71,1,31,1,,,,,,,,,,,,,,,,,,,,,27,,,,,,,,,,,,,,
12819,0,0,非会员,1,,71,1,31,1,,,,,,,,,,,,,,,,,12.6,,,,,,,,,,,,,,,,,,
12820,0,0,非会员,1,,71,1,31,1,,,,,,,,,,,,,,,,12.6,,,,,,,,,,,,,,,,,,,
12821,0,0,非会员,1,,71,1,31,1,,,,,,,,,,,,,,,12.6,,,,,,,,,,,,,,,,,,,,
12822,0,0,非会员,1,,71,1,31,1,,,,,,,,,,,,,,27,,,,,,,,,,,,,,,,,,,,,
12823,0,0,非会员,1,,71,1,31,1,,,,,,,,,27,,,,,,,,,,,,,,,,,,,,,,,,,,
12824,0,0,非会员,1,,71,1,31,1,,,,,,,,10,,,,,,,,,,,,,,,,,,,,,,,,,,,
12825,0,0,非会员,1,,71,1,31,1,,,,,,,27,,,,,,,,,,,,,,,,,,,,,,,,,,,,
12826,0,0,非会员,1,,71,1,31,1,,,,,,27,,,,,,,,,,,,,,,,,,,,,,,,,,,,,
12827,0,0,非会员,1,,71,1,31,1,,,,,,,,,,,,,,,,,,,,,,,,36,,,,,,,,,,,
12828,0,0,非会员,1,,71,1,31,1,,,,,2.16,,,,,,,,,,,,,,,,,,,,,,,,,,,,,,
12829,0,0,非会员,1,,71,1,31,1,,,,2.16,,,,,,,,,,,,,,,,,,,,,,,,,,,,,,,
12830,0,0,非会员,1,,71,1,31,1,,,2.16,,,,,,,,,,,,,,,,,,,,,,,,,,,,,,,,
12831,0,0,非会员,1,,71,1,31,1,,1.2,,,,,,,,,,,,,,,,,,,,,,,,,,,,,,,,,
12832,0,0,非会员,1,,71,1,31,1,2.16,,,,,,,,,,,,,,,,,,,,,,,,,,,,,,,,,,
12833,0,0,非会员,1,,71,1,31,1,,,,,,,,,,,27,,,,,,,,,,,,,,,,,,,,,,,,
12834,0,0,非会员,1,,71,1,31,1,,,,,,,,,,,,27,,,,,,,,,,,,,,,,,,,,,,,
12835,0,0,非会员,1,,71,1,31,1,,,,,,,,,,,,,27,,,,,,,,,,,,,,,,,,,,,,
12836,0,0,非会员,1,,72,1,30,1,,,,,,,,,,,,,,,,,,,,,,,,,,,,18,,,,,,,
12837,0,0,非会员,1,,72,1,31,1,,,,,,,,,,,,,,,,,,,,,,,,,36,,,,,,,,,,
12838,0,0,非会员,1,,72,1,31,1,,,,,,,,,,,,,,,,,,,,,,,,,,36,,,,,,,,,
12839,0,0,非会员,1,,72,1,31,1,,,,,,,,,,,,,,,,,,,,,,36,,,,,,,,,,,,,
12840,0,0,非会员,1,,72,1,31,1,,,,,,,,,,,,,,,,,,,,,,,,36,,,,,,,,,,,
12841,0,0,非会员,1,,72,1,31,1,,,,,,,,,,,,,,,,,,,,,27,,,,,,,,,,,,,,
12842,0,0,非会员,1,,72,1,31,1,,,,,,,,,,,,,,,,,12.6,,,,,,,,,,,,,,,,,,
12843,0,0,非会员,1,,72,1,31,1,,,,,,,,,,,,,,,,12.6,,,,,,,,,,,,,,,,,,,
12844,0,0,非会员,1,,72,1,31,1,,,,,,,,,,,,,,,12.6,,,,,,,,,,,,,,,,,,,,
12845,0,0,非会员,1,,72,1,31,1,,,,,,,,,,,,,,27,,,,,,,,,,,,,,,,,,,,,
12846,0,0,非会员,1,,72,1,31,1,,,,,,,,,27,,,,,,,,,,,,,,,,,,,,,,,,,,
12847,0,0,非会员,1,,72,1,31,1,,,,,,,,10,,,,,,,,,,,,,,,,,,,,,,,,,,,
12848,0,0,非会员,1,,72,1,31,1,,,,,,,27,,,,,,,,,,,,,,,,,,,,,,,,,,,,
12849,0,0,非会员,1,,72,1,31,1,,,,,,27,,,,,,,,,,,,,,,,,,,,,,,,,,,,,
12850,0,0,非会员,1,,72,1,31,1,,,,,,,,,,,,,,,,,,,,,,,,36,,,,,,,,,,,
12851,0,0,非会员,1,,72,1,31,1,,,,,2.16,,,,,,,,,,,,,,,,,,,,,,,,,,,,,,
12852,0,0,非会员,1,,72,1,31,1,,,,2.16,,,,,,,,,,,,,,,,,,,,,,,,,,,,,,,
12853,0,0,非会员,1,,72,1,31,1,,,2.16,,,,,,,,,,,,,,,,,,,,,,,,,,,,,,,,
12854,0,0,非会员,1,,72,1,31,1,,1.2,,,,,,,,,,,,,,,,,,,,,,,,,,,,,,,,,
12855,0,0,非会员,1,,72,1,31,1,2.16,,,,,,,,,,,,,,,,,,,,,,,,,,,,,,,,,,
12856,0,0,非会员,1,,72,1,31,1,,,,,,,,,,,27,,,,,,,,,,,,,,,,,,,,,,,,
12857,0,0,非会员,1,,72,1,31,1,,,,,,,,,,,,27,,,,,,,,,,,,,,,,,,,,,,,
12858,0,0,非会员,1,,72,1,31,1,,,,,,,,,,,,,27,,,,,,,,,,,,,,,,,,,,,,
12859,0,0,非会员,1,,73,1,30,1,,,,,,,,,,,,,,,,,,,,,,,,,,,,,,27,,,,,
12860,0,0,非会员,1,,73,1,31,1,,,,,,,,,,,,,,,,,,,,,,,,,36,,,,,,,,,,
12861,0,0,非会员,1,,73,1,31,1,,,,,,,,,,,,,,,,,,,,,,,,,,36,,,,,,,,,
12862,0,0,非会员,1,,73,1,31,1,,,,,,,,,,,,,,,,,,,,,,36,,,,,,,,,,,,,
12863,0,0,非会员,1,,73,1,31,1,,,,,,,,,,,,,,,,,,,,,,,,36,,,,,,,,,,,
12864,0,0,非会员,1,,73,1,31,1,,,,,,,,,,,,,,,,,,,,,27,,,,,,,,,,,,,,
12865,0,0,非会员,1,,73,1,31,1,,,,,,,,,,,,,,,,,12.6,,,,,,,,,,,,,,,,,,
12866,0,0,非会员,1,,73,1,31,1,,,,,,,,,,,,,,,,12.6,,,,,,,,,,,,,,,,,,,
12867,0,0,非会员,1,,73,1,31,1,,,,,,,,,,,,,,,12.6,,,,,,,,,,,,,,,,,,,,
12868,0,0,非会员,1,,73,1,31,1,,,,,,,,,,,,,,27,,,,,,,,,,,,,,,,,,,,,
12869,0,0,非会员,1,,73,1,31,1,,,,,,,,,27,,,,,,,,,,,,,,,,,,,,,,,,,,
12870,0,0,非会员,1,,73,1,31,1,,,,,,,,10,,,,,,,,,,,,,,,,,,,,,,,,,,,
12871,0,0,非会员,1,,73,1,31,1,,,,,,,27,,,,,,,,,,,,,,,,,,,,,,,,,,,,
12872,0,0,非会员,1,,73,1,31,1,,,,,,27,,,,,,,,,,,,,,,,,,,,,,,,,,,,,
12873,0,0,非会员,1,,73,1,31,1,,,,,,,,,,,,,,,,,,,,,,,,36,,,,,,,,,,,
12874,0,0,非会员,1,,73,1,31,1,,,,,2.16,,,,,,,,,,,,,,,,,,,,,,,,,,,,,,
12875,0,0,非会员,1,,73,1,31,1,,,,2.16,,,,,,,,,,,,,,,,,,,,,,,,,,,,,,,
12876,0,0,非会员,1,,73,1,31,1,,,2.16,,,,,,,,,,,,,,,,,,,,,,,,,,,,,,,,
12877,0,0,非会员,1,,73,1,31,1,,1.2,,,,,,,,,,,,,,,,,,,,,,,,,,,,,,,,,
12878,0,0,非会员,1,,73,1,31,1,2.16,,,,,,,,,,,,,,,,,,,,,,,,,,,,,,,,,,
12879,0,0,非会员,1,,73,1,31,1,,,,,,,,,,,27,,,,,,,,,,,,,,,,,,,,,,,,
12880,0,0,非会员,1,,73,1,31,1,,,,,,,,,,,,27,,,,,,,,,,,,,,,,,,,,,,,
12881,0,0,非会员,1,,73,1,31,1,,,,,,,,,,,,,27,,,,,,,,,,,,,,,,,,,,,,
12882,0,0,非会员,1,,74,1,30,1,,,,,,,,,,,,,,,,,,,,,,,,,,,,,,,18,,,,
12883,0,0,非会员,1,,74,1,31,1,,,,,,,,,,,,,,,,,,,,,,,,,36,,,,,,,,,,
12884,0,0,非会员,1,,74,1,31,1,,,,,,,,,,,,,,,,,,,,,,,,,,36,,,,,,,,,
12885,0,0,非会员,1,,74,1,31,1,,,,,,,,,,,,,,,,,,,,,,36,,,,,,,,,,,,,
12886,0,0,非会员,1,,74,1,31,1,,,,,,,,,,,,,,,,,,,,,,,,36,,,,,,,,,,,
12887,0,0,非会员,1,,74,1,31,1,,,,,,,,,,,,,,,,,,,,,27,,,,,,,,,,,,,,
12888,0,0,非会员,1,,74,1,31,1,,,,,,,,,,,,,,,,,12.6,,,,,,,,,,,,,,,,,,
12889,0,0,非会员,1,,74,1,31,1,,,,,,,,,,,,,,,,12.6,,,,,,,,,,,,,,,,,,,
12890,0,0,非会员,1,,74,1,31,1,,,,,,,,,,,,,,,12.6,,,,,,,,,,,,,,,,,,,,
12891,0,0,非会员,1,,74,1,31,1,,,,,,,,,,,,,,27,,,,,,,,,,,,,,,,,,,,,
12892,0,0,非会员,1,,74,1,31,1,,,,,,,,,27,,,,,,,,,,,,,,,,,,,,,,,,,,
12893,0,0,非会员,1,,74,1,31,1,,,,,,,,10,,,,,,,,,,,,,,,,,,,,,,,,,,,
12894,0,0,非会员,1,,74,1,31,1,,,,,,,27,,,,,,,,,,,,,,,,,,,,,,,,,,,,
12895,0,0,非会员,1,,74,1,31,1,,,,,,27,,,,,,,,,,,,,,,,,,,,,,,,,,,,,
12896,0,0,非会员,1,,74,1,31,1,,,,,,,,,,,,,,,,,,,,,,,,36,,,,,,,,,,,
12897,0,0,非会员,1,,74,1,31,1,,,,,2.16,,,,,,,,,,,,,,,,,,,,,,,,,,,,,,
12898,0,0,非会员,1,,74,1,31,1,,,,2.16,,,,,,,,,,,,,,,,,,,,,,,,,,,,,,,
12899,0,0,非会员,1,,74,1,31,1,,,2.16,,,,,,,,,,,,,,,,,,,,,,,,,,,,,,,,
12900,0,0,非会员,1,,74,1,31,1,,1.2,,,,,,,,,,,,,,,,,,,,,,,,,,,,,,,,,
12901,0,0,非会员,1,,74,1,31,1,2.16,,,,,,,,,,,,,,,,,,,,,,,,,,,,,,,,,,
12902,0,0,非会员,1,,74,1,31,1,,,,,,,,,,,27,,,,,,,,,,,,,,,,,,,,,,,,
12903,0,0,非会员,1,,74,1,31,1,,,,,,,,,,,,27,,,,,,,,,,,,,,,,,,,,,,,
12904,0,0,非会员,1,,74,1,31,1,,,,,,,,,,,,,27,,,,,,,,,,,,,,,,,,,,,,
12905,0,0,非会员,1,,77,1,30,1,3,5.5,5.4,3.6,,,,,43.2,,,82.8,81,82.8,12.6,16.2,16.2,20,,,,,,,,,19.8,,,,,,,,
12906,0,0,非会员,1,,77,1,30,1,3,5.5,3.6,3.6,,,,,43.2,,,75.6,75.6,75.6,16.2,16.2,16.2,21,,,,,,,,,19.8,,,,,,,,
12907,0,0,非会员,1,,77,1,30,1,3,5.5,5.4,3.6,,,,,43.2,,,82.8,81,82.8,12.6,16.2,16.2,20,,,,,,,,,19.8,,,,,,,,
12908,0,0,非会员,1,,77,1,30,1,3,5.5,3.6,3.6,,,,,43.2,,,75.6,75.6,75.6,16.2,16.2,16.2,21,,,,,,,,,19.8,,,,,,,,
12909,0,0,非会员,1,,77,1,30,1,3,5.5,5.4,3.6,,,,,43.2,,,82.8,81,82.8,12.6,16.2,16.2,20,,,,,,,,,19.8,,,,,,,,
12910,0,0,非会员,1,,77,1,30,1,3,5.5,3.6,3.6,,,,,43.2,,,75.6,75.6,75.6,16.2,16.2,16.2,21,,,,,,,,,19.8,,,,,,,,
12911,0,0,非会员,1,,77,1,30,1,3,5.5,5.4,3.6,,,,,43.2,,,73.8,81,82.8,12.6,16.2,16.2,20,,,,,,,,,19.8,,,,,,,,
12912,0,0,非会员,1,,77,1,30,1,3,5.5,3.6,3.6,,,,,43.2,,,75.6,75.6,64.8,16.2,16.2,16.2,21,,,,,,,,,19.8,,,,,,,,
12913,0,0,非会员,1,,77,1,30,1,3,5.5,5.4,3.6,,,,,43.2,,,82.8,88.2,82.8,12.6,16.2,16.2,20,,,,,,,,,19.8,,,,,,,,
12914,0,0,非会员,1,,77,1,30,1,3,5.5,3.6,3.6,,,,,43.2,,,88.2,75.6,75.6,16.2,16.2,16.2,21,,,,,,,,,19.8,,,,,,,,
12915,0,0,非会员,1,,77,1,30,1,3,5.5,5.4,3.6,,,,,43.2,,,82.8,99,82.8,12.6,16.2,16.2,20,,,,,,,,,19.8,,,,,,,,
12916,0,0,非会员,1,,77,1,30,1,3,5.5,3.6,3.6,,,,,43.2,,,93.6,75.6,75.6,16.2,16.2,16.2,21,,,,,,,,,19.8,,,,,,,,
12917,0,0,非会员,1,,77,1,30,1,3,5.5,5.4,3.6,,,,,43.2,,,73.8,81,82.8,12.6,16.2,16.2,20,,,,,,,,,19.8,,,,,,,,
12918,0,0,非会员,1,,77,1,30,1,3,5.5,3.6,3.6,,,,,43.2,,,75.6,75.6,57.6,16.2,16.2,16.2,21,,,,,,,,,19.8,,,,,,,,
12919,0,0,非会员,1,,78,1,30,3,3,7,5.4,3.6,2,,,,43.2,,43.2,45,45,45,16.2,16.2,16.2,32,,5,27,,,,,,19.8,,,,,,,,
12920,0,0,非会员,1,,78,1,30,3,3,7,5.4,3.6,2,,,,43.2,,43.2,45,45,45,16.2,16.2,16.2,32,,5,27,,,,,,19.8,,,,,,,,
12921,0,0,非会员,1,,78,1,30,3,3,7,5.4,3.6,2,,,,43.2,,43.2,45,45,45,16.2,16.2,16.2,32,,5,27,,,,,,19.8,,,,,,,,
12922,0,0,非会员,1,,78,1,30,3,3,7,5.4,3.6,2,,,,43.2,,43.2,45,45,45,16.2,16.2,16.2,32,,5,27,,,,,,19.8,,,,,,,,
12923,0,0,非会员,1,,78,1,30,3,3,7,5.4,3.6,2,,,,43.2,,43.2,45,45,45,16.2,16.2,16.2,32,,5,27,,,,,,19.8,,,,,,,,
12924,0,0,非会员,1,,78,1,30,3,3,7,5.4,3.6,2,,,,43.2,,43.2,45,45,45,16.2,16.2,16.2,32,,5,27,,,,,,19.8,,,,,,,,
12925,0,0,非会员,1,,78,1,30,3,3,7,5.4,3.6,2,,,,43.2,,43.2,45,45,63,16.2,16.2,16.2,32,,5,27,,,,,,19.8,,,,,,,,
12926,0,0,非会员,1,,78,1,30,3,3,7,5.4,3.6,2,,,,43.2,,43.2,63,45,45,16.2,16.2,16.2,32,,5,27,,,,,,19.8,,,,,,,,
12927,0,0,非会员,1,,78,1,30,3,3,7,5.4,3.6,2,,,,43.2,,43.2,45,50.4,45,16.2,16.2,16.2,32,,5,27,,,,,,19.8,,,,,,,,
12928,0,0,非会员,1,,78,1,30,3,3,7,5.4,3.6,2,,,,43.2,,43.2,45,46.8,45,16.2,16.2,16.2,32,,5,27,,,,,,19.8,,,,,,,,
12929,0,0,非会员,1,,78,1,30,3,3,7,5.4,3.6,2,,,,43.2,,43.2,45,63,45,16.2,16.2,16.2,32,,5,27,,,,,,19.8,,,,,,,,
12930,0,0,非会员,1,,78,1,30,3,3,7,5.4,3.6,2,,,,43.2,,61.2,45,45,45,16.2,16.2,16.2,32,,5,27,,,,,,19.8,,,,,,,,
12931,0,0,非会员,1,,78,1,30,3,3,7,5.4,3.6,2,,,,43.2,,43.2,45,37.8,45,16.2,16.2,16.2,32,,5,27,,,,,,19.8,,,,,,,,
12932,0,0,非会员,1,,78,1,30,3,3,7,5.4,3.6,2,,,,43.2,,43.2,45,45,37.8,16.2,16.2,16.2,32,,5,27,,,,,,19.8,,,,,,,,
12933,0,0,非会员,1,,79,1,30,3,3,3.8,5.4,3.6,,41.4,18,,,39.6,,45,45,45,,,,,90,5,39.6,,,,,,,,,,,,,,
12934,0,0,非会员,1,,79,1,30,3,3,3.8,5.4,3.6,,41.4,18,,,39.6,,45,45,45,,,,,90,5,39.6,,,,,,,,,,,,,,
12935,0,0,非会员,1,,79,1,30,3,3,3.8,5.4,3.6,,41.4,18,,,39.6,,61.2,45,45,,,,,72,5,39.6,,,,,,,,,,,,,,
12936,0,0,非会员,1,,79,1,30,3,3,3.8,5.4,3.6,,41.4,18,,,39.6,,50.4,45,45,,,,,90,5,39.6,,,,,,,,,,,,,,
12937,0,0,非会员,1,,79,1,30,3,3,3.8,5.4,3.6,,41.4,18,,,39.6,,45,45,45,,,,,90,5,39.6,,,,,,,,,,,,,,
12938,0,0,非会员,1,,79,1,30,3,3,3.8,5.4,3.6,,41.4,18,,,39.6,,45,61.2,45,,,,,90,5,39.6,,,,,,,,,,,,,,
12939,0,0,非会员,1,,79,1,30,3,3,3.8,5.4,3.6,,41.4,18,,,39.6,,45,37.8,61.2,,,,,90,5,39.6,,,,,,,,,,,,,,
12940,0,0,非会员,1,,91,1,30,3,3,3.8,5.4,3.6,,43.2,18,,,55.8,,52.2,52.2,52.2,,,,,,5,59.4,,,,,,,,,,,,,,
12941,0,0,非会员,1,,91,1,30,3,3,3.8,5.4,3.6,,43.2,18,,,55.8,,52.2,52.2,52.2,,,,,,5,59.4,,,,,,,,,,,,,,
12942,0,0,非会员,1,,91,1,30,3,3,3.8,5.4,3.6,,43.2,18,,,55.8,,52.2,37.8,52.2,,,,,,5,77.4,,,,,,,,,,,,,,
12943,0,0,非会员,1,,91,1,30,3,3,3.8,5.4,3.6,,43.2,18,,,55.8,,52.2,52.2,61.2,,,,,,5,59.4,,,,,,,,,,,,,,
12944,0,0,非会员,1,,91,1,30,3,3,3.8,5.4,3.6,,43.2,18,,,55.8,,52.2,52.2,37.8,,,,,,5,59.4,,,,,,,,,,,,,,
12945,0,0,非会员,1,,91,1,30,3,3,3.8,5.4,3.6,,43.2,18,,,55.8,,52.2,52.2,57.6,,,,,,5,59.4,,,,,,,,,,,,,,
12946,0,0,非会员,1,,91,1,30,3,3,3.8,5.4,3.6,,43.2,18,,,55.8,,37.8,52.2,52.2,,,,,,5,59.4,,,,,,,,,,,,,,
12947,0,0,非会员,1,,81,1,31,1,,,,,,,,10,,,,,,,,,,,,,,,,,,,,,,,,,,,
12948,0,0,非会员,1,,81,1,31,1,,,,,,,37.8,10,,,,,,,,,,,,,,,,,,,,,,,,,,,
12949,0,0,非会员,1,,81,1,31,1,,,,,,37.8,37.8,10,,,,,,,,,,,,,,,,,,,,,,,,,,,
12950,0,0,非会员,1,,81,1,31,1,3,,,,,37.8,37.8,10,,,,,,,,,,,,,,,,,,,,,,,,,,,
12951,0,0,非会员,1,,82,1,31,1,,,,,,,,10,,,,,,,,,,,,,,,,,,,,,,,,,,,
12952,0,0,非会员,1,,82,1,31,1,,,,,,,37.8,10,,,,,,,,,,,,,,,,,,,,,,,,,,,
12953,0,0,非会员,1,,82,1,31,1,,,,,,,37.8,10,,,,14.4,,,,,,,,,,,,,,,,,,,,,,,
12954,0,0,非会员,1,,82,1,31,1,,,,3.6,,,37.8,10,,,,14.4,,,,,,,,,,,,,,,,,,,,,,,
12955,0,0,非会员,1,,83,1,31,1,,,,,,,,,,,,21.6,,21.6,,,,,,,,,,,,,,,,,,,,,
12956,0,0,非会员,1,,83,1,31,1,,,,,,,,,,,,21.6,,21.6,,,,,,5,,,,,,,,,,,,,,,
12957,0,0,非会员,1,,83,1,31,1,,3,,,,,,,,,,21.6,,21.6,,,,,,5,,,,,,,,,,,,,,,
12958,0,0,非会员,1,,83,1,31,1,,3,,,,,,,27,,,21.6,,21.6,,,,,,5,,,,,,,,,,,,,,,
12959,0,0,非会员,1,,84,1,31,1,,,,,,,,,,,,21.6,,,,,,,,,,,,,,,,,,,,,,,
12960,0,0,非会员,1,,84,1,31,1,,,,,,,,,,,,21.6,,,,,,,,5,,,,,,,,,,,,,,,
12961,0,0,非会员,1,,84,1,31,1,,3,,,,,,,,,,21.6,,,,,,,,5,,,,,,,,,,,,,,,
12962,0,0,非会员,1,,84,1,31,1,,3,,,,,,,27,,,21.6,,,,,,,,5,,,,,,,,,,,,,,,
12963,0,0,非会员,1,,89,1,31,2,3,4,9,,,,,,39.6,,27,,50.4,,9,9,9,5,,,,,,,,,,,,,,,,,
12964,0,0,非会员,1,,90,1,31,2,3,5,9,3.6,,,,,46.8,,,,57.6,,12.6,12.6,12.6,5,,,,,,,,,,,,,,,,,
12965,0,0,非会员,1,,92,1,31,2,,4,3.6,,2,,,10,32.4,,18,19.8,,,9,9,9,5,,,,,,,,,,,,,,,,,
12966,0,0,非会员,1,,93,1,31,2,,5,3.6,,2,,,10,43.2,,28.8,,,19.8,9,9,9,5,,,,,,,,,,,,,,,,,
12967,0,0,黄金,1,1.5,94,1,31,2,3,3.8,4.5,3,,34.5,15,15,,33,,54,54,54,,,,,75,5,33,,,,,,,,,,,,,,
12968,0,0,黄金,1,1.5,,1,31,2,3,3.8,4.5,3,,34.5,15,10,,33,,54,54,54,,,,,75,5,33,,,,,,,,,,,,,,
12969,0,0,黄金,1,1.5,75,1,31,2,3,6.6,2.25,3,,,,,42,15,,93,93,93,12,12,12,23,,,,,,,,,16.5,,,,,,,,
12970,0,0,黄金,1,1.5,76,1,31,2,3,7,4.5,3,,,,7.5,57,15,,102,102,102,12,12,12,32,,,,,,,,,16.5,,,,,,,,
12971,0,0,黄金,1,1.5,,1,31,2,3,3.8,4.5,3,,34.5,15,15,,33,,54,54,54,,,,,75,5,33,,,,,,,,,,,,,,
12972,0,0,黄金,1,1.5,,1,31,2,3,3.8,4.5,3,,34.5,15,15,,33,,54,54,54,,,,,75,5,33,,,,,,,,,,,,,,
12973,0,0,黄金,1,1.5,95,1,31,2,3,3.8,4.5,3,,51,15,10,,18,,43.5,43.5,43.5,12,12,12,,,5,124.5,,,,,,16.5,,,,,,,,
12974,0,0,黄金,1,1.5,96,1,31,2,3,3.8,4.5,3,,51,24,,30,33,,43.5,43.5,43.5,12,12,12,,,5,124.5,,,,,,16.5,,,,,,,,
12975,0,0,黄金,1,1.5,96,1,31,2,3,3.8,4.5,3,,51,24,,30,33,9,43.5,43.5,43.5,12,12,12,,,5,124.5,,,,,,16.5,,,,,,,,
12976,0,0,黄金,1,1.5,97,1,31,2,3,9.8,4.5,3,2,,,,42,,30,58.5,58.5,58.5,13.5,13.5,13.5,35,,5,22.5,,,,,,16.5,,,,,,,,
12977,0,0,黄金,1,1.5,97,1,31,2,3,9.8,4.5,3,2,,,,42,,30,58.5,58.5,58.5,13.5,13.5,13.5,35,,5,22.5,,,,,,16.5,,,,,,,,
12978,0,0,黄金,1,1.5,98,1,31,2,3,9.8,4.5,3,2,,,,42,,30,58.5,58.5,58.5,13.5,13.5,13.5,35,,5,22.5,,,,,,16.5,,,,,,,,
12979,0,0,黄金,1,1.5,98,1,31,2,3,9.8,4.5,3,2,,,,42,,30,58.5,58.5,58.5,13.5,13.5,13.5,35,,5,22.5,,,,,,16.5,,,,,,,,
12980,0,0,黄金,1,1.5,85,1,30,3,3,3.8,4.5,3,2,36,15,,,33,,43.5,43.5,43.5,,,,,,5,49.5,,,,,,,,,,,,,,
12981,0,0,黄金,1,1.5,85,1,30,3,3,3.8,4.5,3,2,36,15,,,33,,43.5,43.5,43.5,,,,,,5,49.5,,,,,,,,,,,,,,
12982,0,0,黄金,1,1.5,85,1,30,3,3,3.8,4.5,3,2,36,15,,,33,,31.5,43.5,43.5,,,,,,5,49.5,,,,,,,,,,,,,,
12983,0,0,黄金,1,1.5,85,1,30,3,3,3.8,4.5,3,2,36,15,,,33,,52.5,43.5,43.5,,,,,,5,49.5,,,,,,,,,,,,,,
12984,0,0,黄金,1,1.5,85,1,30,3,3,3.8,4.5,3,2,36,15,,,33,,43.5,31.5,43.5,,,,,,5,49.5,,,,,,,,,,,,,,
12985,0,0,黄金,1,1.5,85,1,30,3,3,3.8,4.5,3,2,36,15,,,33,,49.5,43.5,43.5,,,,,,5,49.5,,,,,,,,,,,,,,
12986,0,0,黄金,1,1.5,85,1,30,3,3,3.8,4.5,3,2,36,15,,,33,,43.5,31.5,43.5,,,,,,5,49.5,,,,,,,,,,,,,,
12987,0,0,白金,1,,55,1,31,2,3,5.8,5.28,2.2,,25.3,11,11,19.8,34.1,,60.5,60.5,60.5,1.1,1.1,1.1,,55,5,24.2,,,,,,4.4,,,,,,11,,
12988,0,0,白金,1,,56,1,31,2,3,5.8,5.28,2.2,,37.4,11,10,19.8,23.1,,52.8,52.8,52.8,13.2,13.2,13.2,,,5,91.3,,,,,,16.5,,,,,,11,,
12989,0,0,白金,1,,57,1,31,2,3,5.8,5.28,2.2,2,37.4,17.6,10,38.5,34.1,,52.8,52.8,52.8,9.9,9.9,9.9,,,5,91.3,,,,,,16.5,,,,,,11,,
12990,0,0,白金,1,,58,1,31,2,3,11.8,5.28,4.4,2,,,,47.3,9.9,11,63.8,63.8,63.8,13.2,13.2,13.2,35,,5,16.5,,,,,,16.5,,,,,,11,,
12991,0,0,白金,1,,59,1,31,2,3,8.6,3.63,4.4,,,,8.8,47.3,20.9,,96.8,96.8,96.8,14.3,14.3,14.3,23,,5,,,,,,,16.5,,,,,,11,,
12992,0,0,,1,,95,1,10,2,3,3.8,3,2,,34,10,10,,12,,29,29,29,8,8,8,,,5,83,,,,,,11,,,,,,,,
12993,0,0,,1,,96,1,10,2,3,3.8,3,2,,34,16,,20,22,,29,29,29,8,8,8,,,5,83,,,,,,11,,,,,,,,
13000,0,0,,1,,80,1,0,1,1.1,1.1,,,,,,,,,,,,,,,,,,,,,,,,,,,,,,,,,
13001,0,0,,1,,80,1,0,1,1.1,,1.1,,,,,,,,,,,,,,,,,,,,,,,,,,,,,,,,
13002,0,0,,1,,80,1,0,1,1.1,,,1.1,,,,,,,,,,,,,,,,,,,,,,,,,,,,,,,
13003,0,0,,1,,80,1,0,1,1.1,,,,1.1,,,,,,,,,,,,,,,,,,,,,,,,,,,,,,
13004,0,0,,1,,80,1,0,1,1.1,,,,,15,,,,,,,,,,,,,,,,,,,,,,,,,,,,,
13005,0,0,,1,,80,1,0,1,1.1,,,,,,10,,,,,,,,,,,,,,,,,,,,,,,,,,,,
13006,0,0,,1,,80,1,0,1,1.1,,,,,,,15,,,,,,,,,,,,,,,,,,,,,,,,,,,
13007,0,0,,1,,80,1,0,1,1.1,,,,,,,,15,,,,,,,,,,,,,,,,,,,,,,,,,,
13008,0,0,,1,,80,1,0,1,1.1,,,,,,,,,15,,,,,,,,,,,,,,,,,,,,,,,,,
13009,0,0,,1,,80,1,0,1,1.1,,,,,,,,,,15,,,,,,,,,,,,,,,,,,,,,,,,
13010,0,0,,1,,80,1,0,1,1.1,,,,,,,,,,,20,,,,,,,,,,,,,,,,,,,,,,,
13011,0,0,,1,,80,1,0,1,1.1,,,,,,,,,,,,20,,,,,,,,,,,,,,,,,,,,,,
13012,0,0,,1,,80,1,0,1,1.1,,,,,,,,,,,,,20,,,,,,,,,,,,,,,,,,,,,
13013,0,0,,1,,80,1,0,1,1.1,,,,,,,,,,,20,,,,,,,,,,,,,,,,,,,,,,,
13014,0,0,,1,,80,1,0,1,1.1,,,,,,,,,,,,20,,,,,,,,,,,,,,,,,,,,,,
13015,0,0,,1,,80,1,0,1,1.1,,,,,,,,,,,,,20,,,,,,,,,,,,,,,,,,,,,
13016,0,0,,1,,80,1,0,1,1.1,,,,,,,,,,,,,,,,,,,5,,,,,,,,,,,,,,,
13017,0,0,,1,,80,1,0,1,1.1,,,,,,,,,,,,,,,,,,,,15,,,,,,,,,,,,,,
13018,0,0,,1,,80,1,0,1,1.1,,,,,,,,,,,,,,,,,,,,,,,,,,10,,,,,,,,
13019,0,0,,1,,80,1,0,1,1.1,,,,,,,,,,,,,,,,,,,,,,,,,,,10,,,,,,,
13020,0,0,,1,,80,1,0,1,1.1,,,,,,,,,,,,,,,,,,,,,,,,,,,,,,10,,,,
13021,0,0,,1,,80,1,0,1,,1.1,1.1,,,,,,,,,,,,,,,,,,,,,,,,,,,,,,,,
13022,0,0,,1,,80,1,0,1,,1.1,,1.1,,,,,,,,,,,,,,,,,,,,,,,,,,,,,,,
13023,0,0,,1,,80,1,0,1,,1.1,,,1.1,,,,,,,,,,,,,,,,,,,,,,,,,,,,,,
13024,0,0,,1,,80,1,0,1,,1.1,,,,15,,,,,,,,,,,,,,,,,,,,,,,,,,,,,
13025,0,0,,1,,80,1,0,1,,1.1,,,,,10,,,,,,,,,,,,,,,,,,,,,,,,,,,,
13026,0,0,,1,,80,1,0,1,,1.1,,,,,,15,,,,,,,,,,,,,,,,,,,,,,,,,,,
13027,0,0,,1,,80,1,0,1,,1.1,,,,,,,15,,,,,,,,,,,,,,,,,,,,,,,,,,
13028,0,0,,1,,80,1,0,1,,1.1,,,,,,,,15,,,,,,,,,,,,,,,,,,,,,,,,,
13029,0,0,,1,,80,1,0,1,,1.1,,,,,,,,,15,,,,,,,,,,,,,,,,,,,,,,,,
13030,0,0,,1,,80,1,0,1,,1.1,,,,,,,,,,20,,,,,,,,,,,,,,,,,,,,,,,
13031,0,0,,1,,80,1,0,1,,1.1,,,,,,,,,,,20,,,,,,,,,,,,,,,,,,,,,,
13032,0,0,,1,,80,1,0,1,,1.1,,,,,,,,,,,,20,,,,,,,,,,,,,,,,,,,,,
13033,0,0,,1,,80,1,0,1,,1.1,,,,,,,,,,20,,,,,,,,,,,,,,,,,,,,,,,
13034,0,0,,1,,80,1,0,1,,1.1,,,,,,,,,,,20,,,,,,,,,,,,,,,,,,,,,,
13035,0,0,,1,,80,1,0,1,,1.1,,,,,,,,,,,,20,,,,,,,,,,,,,,,,,,,,,
13036,0,0,,1,,80,1,0,1,,1.1,,,,,,,,,,,,,,,,,,5,,,,,,,,,,,,,,,
13037,0,0,,1,,80,1,0,1,,1.1,,,,,,,,,,,,,,,,,,,15,,,,,,,,,,,,,,
13038,0,0,,1,,80,1,0,1,,1.1,,,,,,,,,,,,,,,,,,,,,,,,,10,,,,,,,,
13039,0,0,,1,,80,1,0,1,,1.1,,,,,,,,,,,,,,,,,,,,,,,,,,10,,,,,,,
13040,0,0,,1,,80,1,0,1,,1.1,,,,,,,,,,,,,,,,,,,,,,,,,,,,,10,,,,
13041,0,0,,1,,80,1,0,1,,,1.1,1.1,,,,,,,,,,,,,,,,,,,,,,,,,,,,,,,
13042,0,0,,1,,80,1,0,1,,,1.1,,1.1,,,,,,,,,,,,,,,,,,,,,,,,,,,,,,
13043,0,0,,1,,80,1,0,1,,,1.1,,,15,,,,,,,,,,,,,,,,,,,,,,,,,,,,,
13044,0,0,,1,,80,1,0,1,,,1.1,,,,10,,,,,,,,,,,,,,,,,,,,,,,,,,,,
13045,0,0,,1,,80,1,0,1,,,1.1,,,,,15,,,,,,,,,,,,,,,,,,,,,,,,,,,
13046,0,0,,1,,80,1,0,1,,,1.1,,,,,,15,,,,,,,,,,,,,,,,,,,,,,,,,,
13047,0,0,,1,,80,1,0,1,,,1.1,,,,,,,15,,,,,,,,,,,,,,,,,,,,,,,,,
13048,0,0,,1,,80,1,0,1,,,1.1,,,,,,,,15,,,,,,,,,,,,,,,,,,,,,,,,
13049,0,0,,1,,80,1,0,1,,,1.1,,,,,,,,,20,,,,,,,,,,,,,,,,,,,,,,,
13050,0,0,,1,,80,1,0,1,,,1.1,,,,,,,,,,20,,,,,,,,,,,,,,,,,,,,,,
13051,0,0,,1,,80,1,0,1,,,1.1,,,,,,,,,,,20,,,,,,,,,,,,,,,,,,,,,
13052,0,0,,1,,80,1,0,1,,,1.1,,,,,,,,,20,,,,,,,,,,,,,,,,,,,,,,,
13053,0,0,,1,,80,1,0,1,,,1.1,,,,,,,,,,20,,,,,,,,,,,,,,,,,,,,,,
13054,0,0,,1,,80,1,0,1,,,1.1,,,,,,,,,,,20,,,,,,,,,,,,,,,,,,,,,
13055,0,0,,1,,80,1,0,1,,,1.1,,,,,,,,,,,,,,,,,5,,,,,,,,,,,,,,,
13056,0,0,,1,,80,1,0,1,,,1.1,,,,,,,,,,,,,,,,,,15,,,,,,,,,,,,,,
13057,0,0,,1,,80,1,0,1,,,1.1,,,,,,,,,,,,,,,,,,,,,,,,10,,,,,,,,
13058,0,0,,1,,80,1,0,1,,,1.1,,,,,,,,,,,,,,,,,,,,,,,,,10,,,,,,,
13059,0,0,,1,,80,1,0,1,,,1.1,,,,,,,,,,,,,,,,,,,,,,,,,,,,10,,,,
13060,0,0,,1,,80,1,0,1,,,,1.1,1.1,,,,,,,,,,,,,,,,,,,,,,,,,,,,,,
13061,0,0,,1,,80,1,0,1,,,,1.1,,15,,,,,,,,,,,,,,,,,,,,,,,,,,,,,
13062,0,0,,1,,80,1,0,1,,,,1.1,,,10,,,,,,,,,,,,,,,,,,,,,,,,,,,,
13063,0,0,,1,,80,1,0,1,,,,1.1,,,,15,,,,,,,,,,,,,,,,,,,,,,,,,,,
13064,0,0,,1,,80,1,0,1,,,,1.1,,,,,15,,,,,,,,,,,,,,,,,,,,,,,,,,
13065,0,0,,1,,80,1,0,1,,,,1.1,,,,,,15,,,,,,,,,,,,,,,,,,,,,,,,,
13066,0,0,,1,,80,1,0,1,,,,1.1,,,,,,,15,,,,,,,,,,,,,,,,,,,,,,,,
13067,0,0,,1,,80,1,0,1,,,,1.1,,,,,,,,20,,,,,,,,,,,,,,,,,,,,,,,
13068,0,0,,1,,80,1,0,1,,,,1.1,,,,,,,,,20,,,,,,,,,,,,,,,,,,,,,,
13069,0,0,,1,,80,1,0,1,,,,1.1,,,,,,,,,,20,,,,,,,,,,,,,,,,,,,,,
13070,0,0,,1,,80,1,0,1,,,,1.1,,,,,,,,20,,,,,,,,,,,,,,,,,,,,,,,
13071,0,0,,1,,80,1,0,1,,,,1.1,,,,,,,,,20,,,,,,,,,,,,,,,,,,,,,,
13072,0,0,,1,,80,1,0,1,,,,1.1,,,,,,,,,,20,,,,,,,,,,,,,,,,,,,,,
13073,0,0,,1,,80,1,0,1,,,,1.1,,,,,,,,,,,,,,,,5,,,,,,,,,,,,,,,
13074,0,0,,1,,80,1,0,1,,,,1.1,,,,,,,,,,,,,,,,,15,,,,,,,,,,,,,,
13075,0,0,,1,,80,1,0,1,,,,1.1,,,,,,,,,,,,,,,,,,,,,,,10,,,,,,,,
13076,0,0,,1,,80,1,0,1,,,,1.1,,,,,,,,,,,,,,,,,,,,,,,,10,,,,,,,
13077,0,0,,1,,80,1,0,1,,,,1.1,,,,,,,,,,,,,,,,,,,,,,,,,,,10,,,,
13078,0,0,,1,,80,1,0,1,,,,,1.1,15,,,,,,,,,,,,,,,,,,,,,,,,,,,,,
13079,0,0,,1,,80,1,0,1,,,,,1.1,,10,,,,,,,,,,,,,,,,,,,,,,,,,,,,
13080,0,0,,1,,80,1,0,1,,,,,1.1,,,15,,,,,,,,,,,,,,,,,,,,,,,,,,,
13081,0,0,,1,,80,1,0,1,,,,,1.1,,,,15,,,,,,,,,,,,,,,,,,,,,,,,,,
13082,0,0,,1,,80,1,0,1,,,,,1.1,,,,,15,,,,,,,,,,,,,,,,,,,,,,,,,
13083,0,0,,1,,80,1,0,1,,,,,1.1,,,,,,15,,,,,,,,,,,,,,,,,,,,,,,,
13084,0,0,,1,,80,1,0,1,,,,,1.1,,,,,,,20,,,,,,,,,,,,,,,,,,,,,,,
13085,0,0,,1,,80,1,0,1,,,,,1.1,,,,,,,,20,,,,,,,,,,,,,,,,,,,,,,
13086,0,0,,1,,80,1,0,1,,,,,1.1,,,,,,,,,20,,,,,,,,,,,,,,,,,,,,,
13087,0,0,,1,,80,1,0,1,,,,,1.1,,,,,,,20,,,,,,,,,,,,,,,,,,,,,,,
13088,0,0,,1,,80,1,0,1,,,,,1.1,,,,,,,,20,,,,,,,,,,,,,,,,,,,,,,
13089,0,0,,1,,80,1,0,1,,,,,1.1,,,,,,,,,20,,,,,,,,,,,,,,,,,,,,,
13090,0,0,,1,,80,1,0,1,,,,,1.1,,,,,,,,,,,,,,,5,,,,,,,,,,,,,,,
13091,0,0,,1,,80,1,0,1,,,,,1.1,,,,,,,,,,,,,,,,15,,,,,,,,,,,,,,
13092,0,0,,1,,80,1,0,1,,,,,1.1,,,,,,,,,,,,,,,,,,,,,,10,,,,,,,,
13093,0,0,,1,,80,1,0,1,,,,,1.1,,,,,,,,,,,,,,,,,,,,,,,10,,,,,,,
13094,0,0,,1,,80,1,0,1,,,,,1.1,,,,,,,,,,,,,,,,,,,,,,,,,,10,,,,
13095,0,0,,1,,80,1,0,1,,,,,,15,10,,,,,,,,,,,,,,,,,,,,,,,,,,,,
13096,0,0,,1,,80,1,0,1,,,,,,15,,15,,,,,,,,,,,,,,,,,,,,,,,,,,,
13097,0,0,,1,,80,1,0,1,,,,,,15,,,15,,,,,,,,,,,,,,,,,,,,,,,,,,
13098,0,0,,1,,80,1,0,1,,,,,,15,,,,15,,,,,,,,,,,,,,,,,,,,,,,,,
13099,0,0,,1,,80,1,0,1,,,,,,15,,,,,15,,,,,,,,,,,,,,,,,,,,,,,,
13100,0,0,,1,,80,1,0,1,,,,,,15,,,,,,20,,,,,,,,,,,,,,,,,,,,,,,
13101,0,0,,1,,80,1,0,1,,,,,,15,,,,,,,20,,,,,,,,,,,,,,,,,,,,,,
13102,0,0,,1,,80,1,0,1,,,,,,15,,,,,,,,20,,,,,,,,,,,,,,,,,,,,,
13103,0,0,,1,,80,1,0,1,,,,,,15,,,,,,20,,,,,,,,,,,,,,,,,,,,,,,
13104,0,0,,1,,80,1,0,1,,,,,,15,,,,,,,20,,,,,,,,,,,,,,,,,,,,,,
13105,0,0,,1,,80,1,0,1,,,,,,15,,,,,,,,20,,,,,,,,,,,,,,,,,,,,,
13106,0,0,,1,,80,1,0,1,,,,,,15,,,,,,,,,,,,,,5,,,,,,,,,,,,,,,
13107,0,0,,1,,80,1,0,1,,,,,,15,,,,,,,,,,,,,,,15,,,,,,,,,,,,,,
13108,0,0,,1,,80,1,0,1,,,,,,15,,,,,,,,,,,,,,,,,,,,,10,,,,,,,,
13109,0,0,,1,,80,1,0,1,,,,,,15,,,,,,,,,,,,,,,,,,,,,,10,,,,,,,
13110,0,0,,1,,80,1,0,1,,,,,,15,,,,,,,,,,,,,,,,,,,,,,,,,10,,,,
13111,0,0,,1,,80,1,0,1,,,,,,,10,15,,,,,,,,,,,,,,,,,,,,,,,,,,,
13112,0,0,,1,,80,1,0,1,,,,,,,10,,15,,,,,,,,,,,,,,,,,,,,,,,,,,
13113,0,0,,1,,80,1,0,1,,,,,,,10,,,15,,,,,,,,,,,,,,,,,,,,,,,,,
13114,0,0,,1,,80,1,0,1,,,,,,,10,,,,15,,,,,,,,,,,,,,,,,,,,,,,,
13115,0,0,,1,,80,1,0,1,,,,,,,10,,,,,20,,,,,,,,,,,,,,,,,,,,,,,
13116,0,0,,1,,80,1,0,1,,,,,,,10,,,,,,20,,,,,,,,,,,,,,,,,,,,,,
13117,0,0,,1,,80,1,0,1,,,,,,,10,,,,,,,20,,,,,,,,,,,,,,,,,,,,,
13118,0,0,,1,,80,1,0,1,,,,,,,10,,,,,20,,,,,,,,,,,,,,,,,,,,,,,
13119,0,0,,1,,80,1,0,1,,,,,,,10,,,,,,20,,,,,,,,,,,,,,,,,,,,,,
13120,0,0,,1,,80,1,0,1,,,,,,,10,,,,,,,20,,,,,,,,,,,,,,,,,,,,,
13121,0,0,,1,,80,1,0,1,,,,,,,10,,,,,,,,,,,,,5,,,,,,,,,,,,,,,
13122,0,0,,1,,80,1,0,1,,,,,,,10,,,,,,,,,,,,,,15,,,,,,,,,,,,,,
13123,0,0,,1,,80,1,0,1,,,,,,,10,,,,,,,,,,,,,,,,,,,,10,,,,,,,,
13124,0,0,,1,,80,1,0,1,,,,,,,10,,,,,,,,,,,,,,,,,,,,,10,,,,,,,
13125,0,0,,1,,80,1,0,1,,,,,,,10,,,,,,,,,,,,,,,,,,,,,,,,10,,,,
13126,0,0,,1,,80,1,0,1,,,,,,,,15,15,,,,,,,,,,,,,,,,,,,,,,,,,,
13127,0,0,,1,,80,1,0,1,,,,,,,,15,,15,,,,,,,,,,,,,,,,,,,,,,,,,
13128,0,0,,1,,80,1,0,1,,,,,,,,15,,,15,,,,,,,,,,,,,,,,,,,,,,,,
13129,0,0,,1,,80,1,0,1,,,,,,,,15,,,,20,,,,,,,,,,,,,,,,,,,,,,,
13130,0,0,,1,,80,1,0,1,,,,,,,,15,,,,,20,,,,,,,,,,,,,,,,,,,,,,
13131,0,0,,1,,80,1,0,1,,,,,,,,15,,,,,,20,,,,,,,,,,,,,,,,,,,,,
13132,0,0,,1,,80,1,0,1,,,,,,,,15,,,,20,,,,,,,,,,,,,,,,,,,,,,,
13133,0,0,,1,,80,1,0,1,,,,,,,,15,,,,,20,,,,,,,,,,,,,,,,,,,,,,
13134,0,0,,1,,80,1,0,1,,,,,,,,15,,,,,,20,,,,,,,,,,,,,,,,,,,,,
13135,0,0,,1,,80,1,0,1,,,,,,,,15,,,,,,,,,,,,5,,,,,,,,,,,,,,,
13136,0,0,,1,,80,1,0,1,,,,,,,,15,,,,,,,,,,,,,15,,,,,,,,,,,,,,
13137,0,0,,1,,80,1,0,1,,,,,,,,15,,,,,,,,,,,,,,,,,,,10,,,,,,,,
13138,0,0,,1,,80,1,0,1,,,,,,,,15,,,,,,,,,,,,,,,,,,,,10,,,,,,,
13139,0,0,,1,,80,1,0,1,,,,,,,,15,,,,,,,,,,,,,,,,,,,,,,,10,,,,
13140,0,0,,1,,80,1,0,1,,,,,,,,,15,15,,,,,,,,,,,,,,,,,,,,,,,,,
13141,0,0,,1,,80,1,0,1,,,,,,,,,15,,15,,,,,,,,,,,,,,,,,,,,,,,,
13142,0,0,,1,,80,1,0,1,,,,,,,,,15,,,20,,,,,,,,,,,,,,,,,,,,,,,
13143,0,0,,1,,80,1,0,1,,,,,,,,,15,,,,20,,,,,,,,,,,,,,,,,,,,,,
13144,0,0,,1,,80,1,0,1,,,,,,,,,15,,,,,20,,,,,,,,,,,,,,,,,,,,,
13145,0,0,,1,,80,1,0,1,,,,,,,,,15,,,20,,,,,,,,,,,,,,,,,,,,,,,
13146,0,0,,1,,80,1,0,1,,,,,,,,,15,,,,20,,,,,,,,,,,,,,,,,,,,,,
13147,0,0,,1,,80,1,0,1,,,,,,,,,15,,,,,20,,,,,,,,,,,,,,,,,,,,,
13148,0,0,,1,,80,1,0,1,,,,,,,,,15,,,,,,,,,,,5,,,,,,,,,,,,,,,
13149,0,0,,1,,80,1,0,1,,,,,,,,,15,,,,,,,,,,,,15,,,,,,,,,,,,,,
13150,0,0,,1,,80,1,0,1,,,,,,,,,15,,,,,,,,,,,,,,,,,,10,,,,,,,,
13151,0,0,,1,,80,1,0,1,,,,,,,,,15,,,,,,,,,,,,,,,,,,,10,,,,,,,
13152,0,0,,1,,80,1,0,1,,,,,,,,,15,,,,,,,,,,,,,,,,,,,,,,10,,,,
13153,0,0,,1,,80,1,0,1,,,,,,,,,,15,15,,,,,,,,,,,,,,,,,,,,,,,,
13154,0,0,,1,,80,1,0,1,,,,,,,,,,15,,20,,,,,,,,,,,,,,,,,,,,,,,
13155,0,0,,1,,80,1,0,1,,,,,,,,,,15,,,20,,,,,,,,,,,,,,,,,,,,,,
13156,0,0,,1,,80,1,0,1,,,,,,,,,,15,,,,20,,,,,,,,,,,,,,,,,,,,,
13157,0,0,,1,,80,1,0,1,,,,,,,,,,15,,20,,,,,,,,,,,,,,,,,,,,,,,
13158,0,0,,1,,80,1,0,1,,,,,,,,,,15,,,20,,,,,,,,,,,,,,,,,,,,,,
13159,0,0,,1,,80,1,0,1,,,,,,,,,,15,,,,20,,,,,,,,,,,,,,,,,,,,,
13160,0,0,,1,,80,1,0,1,,,,,,,,,,15,,,,,,,,,,5,,,,,,,,,,,,,,,
13161,0,0,,1,,80,1,0,1,,,,,,,,,,15,,,,,,,,,,,15,,,,,,,,,,,,,,
13162,0,0,,1,,80,1,0,1,,,,,,,,,,15,,,,,,,,,,,,,,,,,10,,,,,,,,
13163,0,0,,1,,80,1,0,1,,,,,,,,,,15,,,,,,,,,,,,,,,,,,10,,,,,,,
13164,0,0,,1,,80,1,0,1,,,,,,,,,,15,,,,,,,,,,,,,,,,,,,,,10,,,,
13165,0,0,,1,,80,1,0,1,,,,,,,,,,,15,20,,,,,,,,,,,,,,,,,,,,,,,
13166,0,0,,1,,80,1,0,1,,,,,,,,,,,15,,20,,,,,,,,,,,,,,,,,,,,,,
13167,0,0,,1,,80,1,0,1,,,,,,,,,,,15,,,20,,,,,,,,,,,,,,,,,,,,,
13168,0,0,,1,,80,1,0,1,,,,,,,,,,,15,20,,,,,,,,,,,,,,,,,,,,,,,
13169,0,0,,1,,80,1,0,1,,,,,,,,,,,15,,20,,,,,,,,,,,,,,,,,,,,,,
13170,0,0,,1,,80,1,0,1,,,,,,,,,,,15,,,20,,,,,,,,,,,,,,,,,,,,,
13171,0,0,,1,,80,1,0,1,,,,,,,,,,,15,,,,,,,,,5,,,,,,,,,,,,,,,
13172,0,0,,1,,80,1,0,1,,,,,,,,,,,15,,,,,,,,,,15,,,,,,,,,,,,,,
13173,0,0,,1,,80,1,0,1,,,,,,,,,,,15,,,,,,,,,,,,,,,,10,,,,,,,,
13174,0,0,,1,,80,1,0,1,,,,,,,,,,,15,,,,,,,,,,,,,,,,,10,,,,,,,
13175,0,0,,1,,80,1,0,1,,,,,,,,,,,15,,,,,,,,,,,,,,,,,,,,10,,,,
13176,0,0,,1,,80,1,0,1,,,,,,,,,,,,20,20,,,,,,,,,,,,,,,,,,,,,,
13177,0,0,,1,,80,1,0,1,,,,,,,,,,,,20,,20,,,,,,,,,,,,,,,,,,,,,
13178,0,0,,1,,80,1,0,1,,,,,,,,,,,,20,20,,,,,,,,,,,,,,,,,,,,,,
13179,0,0,,1,,80,1,0,1,,,,,,,,,,,,20,,20,,,,,,,,,,,,,,,,,,,,,
13180,0,0,,1,,80,1,0,1,,,,,,,,,,,,20,20,,,,,,,,,,,,,,,,,,,,,,
13181,0,0,,1,,80,1,0,1,,,,,,,,,,,,20,,,,,,,,5,,,,,,,,,,,,,,,
13182,0,0,,1,,80,1,0,1,,,,,,,,,,,,20,,,,,,,,,15,,,,,,,,,,,,,,
13183,0,0,,1,,80,1,0,1,,,,,,,,,,,,20,,,,,,,,,,,,,,,10,,,,,,,,
13184,0,0,,1,,80,1,0,1,,,,,,,,,,,,20,,,,,,,,,,,,,,,,10,,,,,,,
13185,0,0,,1,,80,1,0,1,,,,,,,,,,,,20,,,,,,,,,,,,,,,,,,,10,,,,
13186,0,0,,1,,80,1,0,1,,,,,,,,,,,,,20,20,,,,,,,,,,,,,,,,,,,,,
13187,0,0,,1,,80,1,0,1,,,,,,,,,,,,,20,20,,,,,,,,,,,,,,,,,,,,,
13188,0,0,,1,,80,1,0,1,,,,,,,,,,,,20,20,,,,,,,,,,,,,,,,,,,,,,
13189,0,0,,1,,80,1,0,1,,,,,,,,,,,,,20,,,,,,,,,,,,,,,,,,,,,,
13190,0,0,,1,,80,1,0,1,,,,,,,,,,,,20,20,,,,,,,5,,,,,,,,,,,,,,,
13191,0,0,,1,,80,1,0,1,,,,,,,,,,,,,20,,,,,,,,15,,,,,,,,,,,,,,
13192,0,0,,1,,80,1,0,1,,,,,,,,,,,,,20,,,,,,,,,,,,,,10,,,,,,,,
13193,0,0,,1,,80,1,0,1,,,,,,,,,,,,,20,,,,,,,,,,,,,,,10,,,,,,,
13194,0,0,,1,,80,1,0,1,,,,,,,,,,,,,20,,,,,,,,,,,,,,,,,,10,,,,
13195,0,0,,1,,80,1,0,1,,,,,,,,,,,,,20,20,,,,,,,,,,,,,,,,,,,,,
13196,0,0,,1,,80,1,0,1,,,,,,,,,,,,,20,20,,,,,,,,,,,,,,,,,,,,,
13197,0,0,,1,,80,1,0,1,,,,,,,,,,,,20,20,,,,,,,,,,,,,,,,,,,,,,
13198,0,0,,1,,80,1,0,1,,,,,,,,,,,,,20,20,,,,,,,,,,,,,,,,,,,,,
13199,0,0,,1,,80,1,0,1,,,,,,,,,,,,,20,,,,,,,5,,,,,,,,,,,,,,,
13200,0,0,,1,,80,1,0,1,,,,,,,,,,,,,20,,,,,,,,15,,,,,,,,,,,,,,
13201,0,0,,1,,80,1,0,1,,,,,,,,,,,,,20,,,,,,,,,,,,,,10,,,,,,,,
13202,0,0,,1,,80,1,0,1,,,,,,,,,,,,,20,,,,,,,,,,,,,,,10,,,,,,,
13203,0,0,,1,,80,1,0,1,,,,,,,,,,,,,20,,,,,,,,,,,,,,,,,,10,,,,
13204,0,0,,1,,80,1,0,1,,,,,,,,,,,,,20,20,,,,,,,,,,,,,,,,,,,,,
13205,0,0,,1,,80,1,0,1,,,,,,,,,,,,20,,20,,,,,,,,,,,,,,,,,,,,,
13206,0,0,,1,,80,1,0,1,,,,,,,,,,,,,20,20,,,,,,,,,,,,,,,,,,,,,
13207,0,0,,1,,80,1,0,1,,,,,,,,,,,,,,20,,,,,,5,,,,,,,,,,,,,,,
13208,0,0,,1,,80,1,0,1,,,,,,,,,,,,,,20,,,,,,,15,,,,,,,,,,,,,,
13209,0,0,,1,,80,1,0,1,,,,,,,,,,,,,,20,,,,,,,,,,,,,10,,,,,,,,
13210,0,0,,1,,80,1,0,1,,,,,,,,,,,,,,20,,,,,,,,,,,,,,10,,,,,,,
13211,0,0,,1,,80,1,0,1,,,,,,,,,,,,,,20,,,,,,,,,,,,,,,,,10,,,,
13212,0,0,,1,,80,1,0,1,,,,,,,,,,,,,,20,,,,,,,,,,,,,,,,,10,,,,
13213,0,0,,1,,80,1,0,1,,,,,,,,,,,,20,20,,,,,,,,,,,,,,,,,,,,,,
13214,0,0,,1,,80,1,0,1,,,,,,,,,,,,,20,20,,,,,,5,,,,,,,,,,,,,,,
13215,0,0,,1,,80,1,0,1,,,,,,,,,,,,,20,,,,,,,,15,,,,,,,,,,,,,,
13216,0,0,,1,,80,1,0,1,,,,,,,,,,,,20,,,,,,,,,,,,,,,10,,,,,,,,
13217,0,0,,1,,80,1,0,1,,,,,,,,,,,,,,20,,,,,,,,,,,,,,10,,,,,,,
13218,0,0,,1,,80,1,0,1,,,,,,,,,,,,,20,,,,,,,,,,,,,,,,,,10,,,,
13219,0,0,,1,,80,1,0,1,,,,,,,,,,,,,20,,,,,,,,,,,,,,,,,,10,,,,
13220,0,0,,1,,80,1,0,1,,,,,,,,,,,,,,20,,,,,,5,,,,,,,,,,,,,,,
13221,0,0,,1,,80,1,0,1,,,,,,,,,,,,,,20,,,,,,,15,,,,,,,,,,,,,,
13222,0,0,,1,,80,1,0,1,,,,,,,,,,,,,20,,,,,,,,,,,,,,10,,,,,,,,
13223,0,0,,1,,80,1,0,1,,,,,,,,,,,,,20,,,,,,,,,,,,,,,10,,,,,,,
13224,0,0,,1,,80,1,0,1,,,,,,,,,,,,,,20,,,,,,,,,,,,,,,,,10,,,,
13225,0,0,,1,,80,1,0,1,,,,,,,,,,,,,,20,,,,,,5,,,,,,,,,,,,,,,
13226,0,0,,1,,80,1,0,1,,,,,,,,,,,,,,,,,,,,,15,,,,,,,,,,,,,,
13227,0,0,,1,,80,1,0,1,,,,,,,,,,,,20,,,,,,,,,,,,,,,10,,,,,,,,
13228,0,0,,1,,80,1,0,1,,,,,,,,,,,,,20,,,,,,,,,,,,,,,10,,,,,,,
13229,0,0,,1,,80,1,0,1,,,,,,,,,,,,,,20,,,,,,,,,,,,,,,,,10,,,,
13230,0,0,,1,,80,1,0,1,,,,,,,,,,,,20,,,,,,,,5,15,,,,,,,,,,,,,,
13231,0,0,,1,,80,1,0,1,,,,,,,,,,,,,,,,,,,,5,,,,,,,10,,,,,,,,
13232,0,0,,1,,80,1,0,1,,,,,,,,,,,,,,,,,,,,5,,,,,,,,10,,,,,,,
13233,0,0,,1,,80,1,0,1,,,,,,,,,,,,,,,,,,,,5,,,,,,,,,,,10,,,,
13234,0,0,,1,,80,1,0,1,,,,,,,,,,,,,,,,,,,,,15,,,,,,10,,,,,,,,
13235,0,0,,1,,80,1,0,1,,,,,,,,,,,,,,,,,,,,,15,,,,,,,10,,,,,,,
13236,0,0,,1,,80,1,0,1,,,,,,,,,,,,,,,,,,,,,15,,,,,,,,,,10,,,,
13237,0,0,,1,,80,1,0,1,,,,,,,,,,,,,,,,,,,,,,,,,,,10,10,,,,,,,
13238,0,0,,1,,80,1,0,1,,,,,,,,,,,,,,,,,,,,,,,,,,,10,,,,10,,,,
13239,0,0,,1,,80,1,0,1,,,,,,,,,,,,,,,,,,,,,,,,,,,,10,,,10,,,,
13240,0,0,,1,,80,1,0,1,1.1,,,,,,,,,,,,,,,,,2,,,,,,,,,,,,,,,,,
13241,0,0,,1,,80,1,0,1,,1.1,,,,,,,,,,,,,,,,2,,,,,,,,,,,,,,,,,
13242,0,0,,1,,80,1,0,1,,,1.1,,,,,,,,,,,,,,,2,,,,,,,,,,,,,,,,,
13243,0,0,,1,,80,1,0,1,,,,1.1,,,,,,,,,,,,,,2,,,,,,,,,,,,,,,,,
13244,0,0,,1,,80,1,0,1,,,,,1.1,,,,,,,,,,,,,2,,,,,,,,,,,,,,,,,
13245,0,0,,1,,80,1,0,1,,,,,,15,,,,,,,,,,,,2,,,,,,,,,,,,,,,,,
13246,0,0,,1,,80,1,0,1,,,,,,,10,,,,,,,,,,,2,,,,,,,,,,,,,,,,,
13247,0,0,,1,,80,1,0,1,,,,,,,,15,,,,,,,,,,2,,,,,,,,,,,,,,,,,
13248,0,0,,1,,80,1,0,1,,,,,,,,,15,,,,,,,,,2,,,,,,,,,,,,,,,,,
13249,0,0,,1,,80,1,0,1,,,,,,,,,,15,,,,,,,,2,,,,,,,,,,,,,,,,,
13250,0,0,,1,,80,1,0,1,,,,,,,,,,,15,,,,,,,2,,,,,,,,,,,,,,,,,
13251,0,0,,1,,80,1,0,1,,,,,,,,,,,,20,,,,,,2,,,,,,,,,,,,,,,,,
13252,0,0,,1,,80,1,0,1,,,,,,,,,,,,,20,,,,,2,,,,,,,,,,,,,,,,,
13253,0,0,,1,,80,1,0,1,,,,,,,,,,,,,,20,,,,2,,,,,,,,,,,,,,,,,
13254,0,0,,1,,80,1,0,1,,,,,,,,,,,,,,20,,,,2,,,,,,,,,,,,,,,,,
13255,0,0,,1,,80,1,0,1,,,,,,,,,,,,,,,,,,2,10,,,,,,,,,,,,,,,,
13256,0,0,,1,,80,1,0,1,,,,,,,,,,,,,20,,,,,2,,,,,,,,,,,,,,,,,
13257,0,0,,1,,80,1,0,1,,,,,,,,,,,,20,,,,,,2,,,,,,,,,,,,,,,,,
13258,0,0,,1,,80,1,0,1,,,,,,,,,,,,,,,,,,2,,5,,,,,,,,,,,,,,,
13259,0,0,,1,,80,1,0,1,,,,,,,,,,,,,,,,,,2,,,15,,,,,,,,,,,,,,
13260,0,0,,1,,80,1,0,1,,,,,,,,,,,,,,,,,,2,,,,,,,,,10,,,,,,,,
13261,0,0,,1,,80,1,0,1,,,,,,,,,,,,,,,,,,2,,,,,,,,,,10,,,,,,,
13262,0,0,,1,,80,1,0,1,,,,,,,,,,,,,,,,,,2,,,,,,,,,,,,,10,,,,
13263,0,0,,1,,80,1,0,1,1.1,,,,,,,,,,,,,,,,,,10,,,,,,,,,,,,,,,,
13264,0,0,,1,,80,1,0,1,,1.1,,,,,,,,,,,,,,,,,10,,,,,,,,,,,,,,,,
13265,0,0,,1,,80,1,0,1,,,1.1,,,,,,,,,,,,,,,,10,,,,,,,,,,,,,,,,
13266,0,0,,1,,80,1,0,1,,,,1.1,,,,,,,,,,,,,,,10,,,,,,,,,,,,,,,,
13267,0,0,,1,,80,1,0,1,,,,,1.1,,,,,,,,,,,,,,10,,,,,,,,,,,,,,,,
13268,0,0,,1,,80,1,0,1,,,,,,15,,,,,,,,,,,,,10,,,,,,,,,,,,,,,,
13269,0,0,,1,,80,1,0,1,,,,,,,10,,,,,,,,,,,,10,,,,,,,,,,,,,,,,
13270,0,0,,1,,80,1,0,1,,,,,,,,15,,,,,,,,,,,10,,,,,,,,,,,,,,,,
13271,0,0,,1,,80,1,0,1,,,,,,,,,15,,,,,,,,,,10,,,,,,,,,,,,,,,,
13272,0,0,,1,,80,1,0,1,,,,,,,,,,15,,,,,,,,,10,,,,,,,,,,,,,,,,
13273,0,0,,1,,80,1,0,1,,,,,,,,,,,15,,,,,,,,10,,,,,,,,,,,,,,,,
13274,0,0,,1,,80,1,0,1,,,,,,,,,,,,20,,,,,,,10,,,,,,,,,,,,,,,,
13275,0,0,,1,,80,1,0,1,,,,,,,,,,,,,20,,,,,,10,,,,,,,,,,,,,,,,
13276,0,0,,1,,80,1,0,1,,,,,,,,,,,,,,20,,,,,10,,,,,,,,,,,,,,,,
13277,0,0,,1,,80,1,0,1,,,,,,,,,,,,,,,,,,,10,,,,,,,,,,,,,,,,
13278,0,0,,1,,80,1,0,1,,,,,,,,,,,,,,,,,,2,10,,,,,,,,,,,,,,,,
13279,0,0,,1,,80,1,0,1,,,,,,,,,,,,,,,,,,,10,,,,,,,,,,,,,,,,
13280,0,0,,1,,80,1,0,1,,,,,,,,,,,,,,,,,,,10,,,,,,,,,,,,,,,,
13281,0,0,,1,,80,1,0,1,,,,,,,,,,,,,,,,,,,10,5,,,,,,,,,,,,,,,
13282,0,0,,1,,80,1,0,1,,,,,,,,,,,,,,,,,,,10,,15,,,,,,,,,,,,,,
13283,0,0,,1,,80,1,0,1,,,,,,,,,,,,,,,,,,,10,,,,,,,,10,,,,,,,,
13284,0,0,,1,,80,1,0,1,,,,,,,,,,,,,,,,,,,10,,,,,,,,,10,,,,,,,
13285,0,0,,1,,80,1,0,1,,,,,,,,,,,,,,,,,,,10,,,,,,,,,,,,10,,,,
13286,0,0,,1,,80,1,11,1,1.1,,,,,,,,,,,,,,,,,,,,,,,,,,,,,,,,,,
13287,0,0,,1,,80,1,11,1,,1.1,,,,,,,,,,,,,,,,,,,,,,,,,,,,,,,,,
13288,0,0,,1,,80,1,11,1,,,1.1,,,,,,,,,,,,,,,,,,,,,,,,,,,,,,,,
13289,0,0,,1,,80,1,11,1,,,,1.1,,,,,,,,,,,,,,,,,,,,,,,,,,,,,,,
13290,0,0,,1,,80,1,11,1,,,,,1.1,,,,,,,,,,,,,,,,,,,,,,,,,,,,,,
13291,0,0,,1,,80,1,11,1,,,,,,15,,,,,,,,,,,,,,,,,,,,,,,,,,,,,
13292,0,0,,1,,80,1,11,1,,,,,,,15,,,,,,,,,,,,,,,,,,,,,,,,,,,,
13293,0,0,,1,,80,1,11,1,,,,,,,,15,,,,,,,,,,,,,,,,,,,,,,,,,,,
13294,0,0,,1,,80,1,11,1,,,,,,,,,15,,,,,,,,,,,,,,,,,,,,,,,,,,
13295,0,0,,1,,80,1,11,1,,,,,,,,,,15,,,,,,,,,,,,,,,,,,,,,,,,,
13296,0,0,,1,,80,1,11,1,,,,,,,,,,,15,,,,,,,,,,,,,,,,,,,,,,,,
13297,0,0,,1,,80,1,11,1,,,,,,,,,,,,20,,,,,,,,,,,,,,,,,,,,,,,
13298,0,0,,1,,80,1,11,1,,,,,,,,,,,,,20,,,,,,,,,,,,,,,,,,,,,,
13299,0,0,,1,,80,1,11,1,,,,,,,,,,,,,,20,,,,,,,,,,,,,,,,,,,,,
13300,0,0,,1,,80,1,11,1,,,,,,,,,,,,,,,15,,,,,,,,,,,,,,,,,,,,
13301,0,0,,1,,80,1,11,1,,,,,,,,,,,,,,,,,,2,,,,,,,,,,,,,,,,,
13302,0,0,,1,,80,1,11,1,,,,,,,,,,,,,,,,,,,10,,,,,,,,,,,,,,,,
13303,0,0,,1,,80,1,11,1,,,,,,,,,,,,,,,,15,,,,,,,,,,,,,,,,,,,
13304,0,0,,1,,80,1,11,1,,,,,,,,,,,,,,,,,15,,,,,,,,,,,,,,,,,,
13305,0,0,,1,,80,1,11,1,,,,,,,,,,,,,,,,,,,,5,,,,,,,,,,,,,,,
13306,0,0,,1,,80,1,11,1,,,,,,,,,,,,,,,,,,,,,15,,,,,,,,,,,,,,
13307,0,0,,1,,80,1,11,1,,,,,,,,,,,,,,,,,,,,,,,,,,,10,,,,,,,,
13308,0,0,,1,,80,1,11,1,,,,,,,,,,,,,,,,,,,,,,,,,,,,10,,,,,,,
13309,0,0,,1,,80,1,11,1,,,,,,,,,,,,,,,,,,,,,,,,,,,,,,,10,,,,
13310,0,0,,1,,80,1,21,1,1.1,1.1,,,,,,,,,,,,,,,,,,,,,,,,,,,,,,,,,
13311,0,0,,1,,80,1,21,1,1.1,,1.1,,,,,,,,,,,,,,,,,,,,,,,,,,,,,,,,
13312,0,0,,1,,80,1,21,1,1.1,,,1.1,,,,,,,,,,,,,,,,,,,,,,,,,,,,,,,
13313,0,0,,1,,80,1,21,1,1.1,,,,1.1,,,,,,,,,,,,,,,,,,,,,,,,,,,,,,
13314,0,0,,1,,80,1,21,1,1.1,,,,,15,,,,,,,,,,,,,,,,,,,,,,,,,,,,,
13315,0,0,,1,,80,1,21,1,1.1,,,,,,15,,,,,,,,,,,,,,,,,,,,,,,,,,,,
13316,0,0,,1,,80,1,21,1,1.1,,,,,,,15,,,,,,,,,,,,,,,,,,,,,,,,,,,
13317,0,0,,1,,80,1,21,1,1.1,,,,,,,,15,,,,,,,,,,,,,,,,,,,,,,,,,,
13318,0,0,,1,,80,1,21,1,1.1,,,,,,,,,15,,,,,,,,,,,,,,,,,,,,,,,,,
13319,0,0,,1,,80,1,21,1,1.1,,,,,,,,,,15,,,,,,,,,,,,,,,,,,,,,,,,
13320,0,0,,1,,80,1,21,1,1.1,,,,,,,,,,,20,,,,,,,,,,,,,,,,,,,,,,,
13321,0,0,,1,,80,1,21,1,1.1,,,,,,,,,,,,20,,,,,,,,,,,,,,,,,,,,,,
13322,0,0,,1,,80,1,21,1,1.1,,,,,,,,,,,,,20,,,,,,,,,,,,,,,,,,,,,
13323,0,0,,1,,80,1,21,1,1.1,,,,,,,,,,,,,,15,,,,,,,,,,,,,,,,,,,,
13324,0,0,,1,,80,1,21,1,1.1,,,,,,,,,,,,,,,15,,,,,,,,,,,,,,,,,,,
13325,0,0,,1,,80,1,21,1,1.1,,,,,,,,,,,,,,,,15,,,,,,,,,,,,,,,,,,
13326,0,0,,1,,80,1,21,1,1.1,,,,,,,,,,,,,,,,,,,5,,,,,,,,,,,,,,,
13327,0,0,,1,,80,1,21,1,1.1,,,,,,,,,,,,,,,,,,,,15,,,,,,,,,,,,,,
13328,0,0,,1,,80,1,21,1,1.1,,,,,,,,,,,,,,,,,,,,,,,,,,10,,,,,,,,
13329,0,0,,1,,80,1,21,1,1.1,,,,,,,,,,,,,,,,,,,,,,,,,,,10,,,,,,,
13330,0,0,,1,,80,1,21,1,1.1,,,,,,,,,,,,,,,,,,,,,,,,,,,,,,10,,,,
13331,0,0,,1,,80,1,21,1,,1.1,1.1,,,,,,,,,,,,,,,,,,,,,,,,,,,,,,,,
13332,0,0,,1,,80,1,21,1,,1.1,,1.1,,,,,,,,,,,,,,,,,,,,,,,,,,,,,,,
13333,0,0,,1,,80,1,21,1,,1.1,,,1.1,,,,,,,,,,,,,,,,,,,,,,,,,,,,,,
13334,0,0,,1,,80,1,21,1,,1.1,,,,15,,,,,,,,,,,,,,,,,,,,,,,,,,,,,
13335,0,0,,1,,80,1,21,1,,1.1,,,,,15,,,,,,,,,,,,,,,,,,,,,,,,,,,,
13336,0,0,,1,,80,1,21,1,,1.1,,,,,,15,,,,,,,,,,,,,,,,,,,,,,,,,,,
13337,0,0,,1,,80,1,21,1,,1.1,,,,,,,15,,,,,,,,,,,,,,,,,,,,,,,,,,
13338,0,0,,1,,80,1,21,1,,1.1,,,,,,,,15,,,,,,,,,,,,,,,,,,,,,,,,,
13339,0,0,,1,,80,1,21,1,,1.1,,,,,,,,,15,,,,,,,,,,,,,,,,,,,,,,,,
13340,0,0,,1,,80,1,21,1,,1.1,,,,,,,,,,20,,,,,,,,,,,,,,,,,,,,,,,
13341,0,0,,1,,80,1,21,1,,1.1,,,,,,,,,,,20,,,,,,,,,,,,,,,,,,,,,,
13342,0,0,,1,,80,1,21,1,,1.1,,,,,,,,,,,,20,,,,,,,,,,,,,,,,,,,,,
13343,0,0,,1,,80,1,21,1,,1.1,,,,,,,,,,,,,15,,,,,,,,,,,,,,,,,,,,
13344,0,0,,1,,80,1,21,1,,1.1,,,,,,,,,,,,,,15,,,,,,,,,,,,,,,,,,,
13345,0,0,,1,,80,1,21,1,,1.1,,,,,,,,,,,,,,,15,,,,,,,,,,,,,,,,,,
13346,0,0,,1,,80,1,21,1,,1.1,,,,,,,,,,,,,,,,,,5,,,,,,,,,,,,,,,
13347,0,0,,1,,80,1,21,1,,1.1,,,,,,,,,,,,,,,,,,,15,,,,,,,,,,,,,,
13348,0,0,,1,,80,1,21,1,,1.1,,,,,,,,,,,,,,,,,,,,,,,,,10,,,,,,,,
13349,0,0,,1,,80,1,21,1,,1.1,,,,,,,,,,,,,,,,,,,,,,,,,,10,,,,,,,
13350,0,0,,1,,80,1,21,1,,1.1,,,,,,,,,,,,,,,,,,,,,,,,,,,,,10,,,,
13351,0,0,,1,,80,1,21,1,,,1.1,1.1,,,,,,,,,,,,,,,,,,,,,,,,,,,,,,,
13352,0,0,,1,,80,1,21,1,,,1.1,,1.1,,,,,,,,,,,,,,,,,,,,,,,,,,,,,,
13353,0,0,,1,,80,1,21,1,,,1.1,,,15,,,,,,,,,,,,,,,,,,,,,,,,,,,,,
13354,0,0,,1,,80,1,21,1,,,1.1,,,,15,,,,,,,,,,,,,,,,,,,,,,,,,,,,
13355,0,0,,1,,80,1,21,1,,,1.1,,,,,15,,,,,,,,,,,,,,,,,,,,,,,,,,,
13356,0,0,,1,,80,1,21,1,,,1.1,,,,,,15,,,,,,,,,,,,,,,,,,,,,,,,,,
13357,0,0,,1,,80,1,21,1,,,1.1,,,,,,,15,,,,,,,,,,,,,,,,,,,,,,,,,
13358,0,0,,1,,80,1,21,1,,,1.1,,,,,,,,15,,,,,,,,,,,,,,,,,,,,,,,,
13359,0,0,,1,,80,1,21,1,,,1.1,,,,,,,,,20,,,,,,,,,,,,,,,,,,,,,,,
13360,0,0,,1,,80,1,21,1,,,1.1,,,,,,,,,,20,,,,,,,,,,,,,,,,,,,,,,
13361,0,0,,1,,80,1,21,1,,,1.1,,,,,,,,,,,20,,,,,,,,,,,,,,,,,,,,,
13362,0,0,,1,,80,1,21,1,,,1.1,,,,,,,,,,,,15,,,,,,,,,,,,,,,,,,,,
13363,0,0,,1,,80,1,21,1,,,1.1,,,,,,,,,,,,,15,,,,,,,,,,,,,,,,,,,
13364,0,0,,1,,80,1,21,1,,,1.1,,,,,,,,,,,,,,15,,,,,,,,,,,,,,,,,,
13365,0,0,,1,,80,1,21,1,,,1.1,,,,,,,,,,,,,,,,,5,,,,,,,,,,,,,,,
13366,0,0,,1,,80,1,21,1,,,1.1,,,,,,,,,,,,,,,,,,15,,,,,,,,,,,,,,
13367,0,0,,1,,80,1,21,1,,,1.1,,,,,,,,,,,,,,,,,,,,,,,,10,,,,,,,,
13368,0,0,,1,,80,1,21,1,,,1.1,,,,,,,,,,,,,,,,,,,,,,,,,10,,,,,,,
13369,0,0,,1,,80,1,21,1,,,1.1,,,,,,,,,,,,,,,,,,,,,,,,,,,,10,,,,
13370,0,0,,1,,80,1,21,1,,,,1.1,1.1,,,,,,,,,,,,,,,,,,,,,,,,,,,,,,
13371,0,0,,1,,80,1,21,1,,,,1.1,,15,,,,,,,,,,,,,,,,,,,,,,,,,,,,,
13372,0,0,,1,,80,1,21,1,,,,1.1,,,15,,,,,,,,,,,,,,,,,,,,,,,,,,,,
13373,0,0,,1,,80,1,21,1,,,,1.1,,,,15,,,,,,,,,,,,,,,,,,,,,,,,,,,
13374,0,0,,1,,80,1,21,1,,,,1.1,,,,,15,,,,,,,,,,,,,,,,,,,,,,,,,,
13375,0,0,,1,,80,1,21,1,,,,1.1,,,,,,15,,,,,,,,,,,,,,,,,,,,,,,,,
13376,0,0,,1,,80,1,21,1,,,,1.1,,,,,,,15,,,,,,,,,,,,,,,,,,,,,,,,
13377,0,0,,1,,80,1,21,1,,,,1.1,,,,,,,,20,,,,,,,,,,,,,,,,,,,,,,,
13378,0,0,,1,,80,1,21,1,,,,1.1,,,,,,,,,20,,,,,,,,,,,,,,,,,,,,,,
13379,0,0,,1,,80,1,21,1,,,,1.1,,,,,,,,,,20,,,,,,,,,,,,,,,,,,,,,
13380,0,0,,1,,80,1,21,1,,,,1.1,,,,,,,,,,,15,,,,,,,,,,,,,,,,,,,,
13381,0,0,,1,,80,1,21,1,,,,1.1,,,,,,,,,,,,15,,,,,,,,,,,,,,,,,,,
13382,0,0,,1,,80,1,21,1,,,,1.1,,,,,,,,,,,,,15,,,,,,,,,,,,,,,,,,
13383,0,0,,1,,80,1,21,1,,,,1.1,,,,,,,,,,,,,,,,5,,,,,,,,,,,,,,,
13384,0,0,,1,,80,1,21,1,,,,1.1,,,,,,,,,,,,,,,,,15,,,,,,,,,,,,,,
13385,0,0,,1,,80,1,21,1,,,,1.1,,,,,,,,,,,,,,,,,,,,,,,10,,,,,,,,
13386,0,0,,1,,80,1,21,1,,,,1.1,,,,,,,,,,,,,,,,,,,,,,,,10,,,,,,,
13387,0,0,,1,,80,1,21,1,,,,1.1,,,,,,,,,,,,,,,,,,,,,,,,,,,10,,,,
13388,0,0,,1,,80,1,21,1,,,,,1.1,15,,,,,,,,,,,,,,,,,,,,,,,,,,,,,
13389,0,0,,1,,80,1,21,1,,,,,1.1,,15,,,,,,,,,,,,,,,,,,,,,,,,,,,,
13390,0,0,,1,,80,1,21,1,,,,,1.1,,,15,,,,,,,,,,,,,,,,,,,,,,,,,,,
13391,0,0,,1,,80,1,21,1,,,,,1.1,,,,15,,,,,,,,,,,,,,,,,,,,,,,,,,
13392,0,0,,1,,80,1,21,1,,,,,1.1,,,,,15,,,,,,,,,,,,,,,,,,,,,,,,,
13393,0,0,,1,,80,1,21,1,,,,,1.1,,,,,,15,,,,,,,,,,,,,,,,,,,,,,,,
13394,0,0,,1,,80,1,21,1,,,,,1.1,,,,,,,20,,,,,,,,,,,,,,,,,,,,,,,
13395,0,0,,1,,80,1,21,1,,,,,1.1,,,,,,,,20,,,,,,,,,,,,,,,,,,,,,,
13396,0,0,,1,,80,1,21,1,,,,,1.1,,,,,,,,,20,,,,,,,,,,,,,,,,,,,,,
13397,0,0,,1,,80,1,21,1,,,,,1.1,,,,,,,,,,15,,,,,,,,,,,,,,,,,,,,
13398,0,0,,1,,80,1,21,1,,,,,1.1,,,,,,,,,,,15,,,,,,,,,,,,,,,,,,,
13399,0,0,,1,,80,1,21,1,,,,,1.1,,,,,,,,,,,,15,,,,,,,,,,,,,,,,,,
13400,0,0,,1,,80,1,21,1,,,,,1.1,,,,,,,,,,,,,,,5,,,,,,,,,,,,,,,
13401,0,0,,1,,80,1,21,1,,,,,1.1,,,,,,,,,,,,,,,,15,,,,,,,,,,,,,,
13402,0,0,,1,,80,1,21,1,,,,,1.1,,,,,,,,,,,,,,,,,,,,,,10,,,,,,,,
13403,0,0,,1,,80,1,21,1,,,,,1.1,,,,,,,,,,,,,,,,,,,,,,,10,,,,,,,
13404,0,0,,1,,80,1,21,1,,,,,1.1,,,,,,,,,,,,,,,,,,,,,,,,,,10,,,,
13405,0,0,,1,,80,1,21,1,,,,,,15,15,,,,,,,,,,,,,,,,,,,,,,,,,,,,
13406,0,0,,1,,80,1,21,1,,,,,,15,,15,,,,,,,,,,,,,,,,,,,,,,,,,,,
13407,0,0,,1,,80,1,21,1,,,,,,15,,,15,,,,,,,,,,,,,,,,,,,,,,,,,,
13408,0,0,,1,,80,1,21,1,,,,,,15,,,,15,,,,,,,,,,,,,,,,,,,,,,,,,
13409,0,0,,1,,80,1,21,1,,,,,,15,,,,,15,,,,,,,,,,,,,,,,,,,,,,,,
13410,0,0,,1,,80,1,21,1,,,,,,15,,,,,,20,,,,,,,,,,,,,,,,,,,,,,,
13411,0,0,,1,,80,1,21,1,,,,,,15,,,,,,,20,,,,,,,,,,,,,,,,,,,,,,
13412,0,0,,1,,80,1,21,1,,,,,,15,,,,,,,,20,,,,,,,,,,,,,,,,,,,,,
13413,0,0,,1,,80,1,21,1,,,,,,15,,,,,,,,,15,,,,,,,,,,,,,,,,,,,,
13414,0,0,,1,,80,1,21,1,,,,,,15,,,,,,,,,,15,,,,,,,,,,,,,,,,,,,
13415,0,0,,1,,80,1,21,1,,,,,,15,,,,,,,,,,,15,,,,,,,,,,,,,,,,,,
13416,0,0,,1,,80,1,21,1,,,,,,15,,,,,,,,,,,,,,5,,,,,,,,,,,,,,,
13417,0,0,,1,,80,1,21,1,,,,,,15,,,,,,,,,,,,,,,15,,,,,,,,,,,,,,
13418,0,0,,1,,80,1,21,1,,,,,,15,,,,,,,,,,,,,,,,,,,,,10,,,,,,,,
13419,0,0,,1,,80,1,21,1,,,,,,15,,,,,,,,,,,,,,,,,,,,,,10,,,,,,,
13420,0,0,,1,,80,1,21,1,,,,,,15,,,,,,,,,,,,,,,,,,,,,,,,,10,,,,
13421,0,0,,1,,80,1,21,1,,,,,,,15,15,,,,,,,,,,,,,,,,,,,,,,,,,,,
13422,0,0,,1,,80,1,21,1,,,,,,,15,,15,,,,,,,,,,,,,,,,,,,,,,,,,,
13423,0,0,,1,,80,1,21,1,,,,,,,15,,,15,,,,,,,,,,,,,,,,,,,,,,,,,
13424,0,0,,1,,80,1,21,1,,,,,,,15,,,,15,,,,,,,,,,,,,,,,,,,,,,,,
13425,0,0,,1,,80,1,21,1,,,,,,,15,,,,,20,,,,,,,,,,,,,,,,,,,,,,,
13426,0,0,,1,,80,1,21,1,,,,,,,15,,,,,,20,,,,,,,,,,,,,,,,,,,,,,
13427,0,0,,1,,80,1,21,1,,,,,,,15,,,,,,,20,,,,,,,,,,,,,,,,,,,,,
13428,0,0,,1,,80,1,21,1,,,,,,,15,,,,,,,,15,,,,,,,,,,,,,,,,,,,,
13429,0,0,,1,,80,1,21,1,,,,,,,15,,,,,,,,,15,,,,,,,,,,,,,,,,,,,
13430,0,0,,1,,80,1,21,1,,,,,,,15,,,,,,,,,,15,,,,,,,,,,,,,,,,,,
13431,0,0,,1,,80,1,21,1,,,,,,,15,,,,,,,,,,,,,5,,,,,,,,,,,,,,,
13432,0,0,,1,,80,1,21,1,,,,,,,15,,,,,,,,,,,,,,15,,,,,,,,,,,,,,
13433,0,0,,1,,80,1,21,1,,,,,,,15,,,,,,,,,,,,,,,,,,,,10,,,,,,,,
13434,0,0,,1,,80,1,21,1,,,,,,,15,,,,,,,,,,,,,,,,,,,,,10,,,,,,,
13435,0,0,,1,,80,1,21,1,,,,,,,15,,,,,,,,,,,,,,,,,,,,,,,,10,,,,
13436,0,0,,1,,80,1,21,1,,,,,,,,15,15,,,,,,,,,,,,,,,,,,,,,,,,,,
13437,0,0,,1,,80,1,21,1,,,,,,,,15,,15,,,,,,,,,,,,,,,,,,,,,,,,,
13438,0,0,,1,,80,1,21,1,,,,,,,,15,,,15,,,,,,,,,,,,,,,,,,,,,,,,
13439,0,0,,1,,80,1,21,1,,,,,,,,15,,,,20,,,,,,,,,,,,,,,,,,,,,,,
13440,0,0,,1,,80,1,21,1,,,,,,,,15,,,,,20,,,,,,,,,,,,,,,,,,,,,,
13441,0,0,,1,,80,1,21,1,,,,,,,,15,,,,,,20,,,,,,,,,,,,,,,,,,,,,
13442,0,0,,1,,80,1,21,1,,,,,,,,15,,,,,,,15,,,,,,,,,,,,,,,,,,,,
13443,0,0,,1,,80,1,21,1,,,,,,,,15,,,,,,,,15,,,,,,,,,,,,,,,,,,,
13444,0,0,,1,,80,1,21,1,,,,,,,,15,,,,,,,,,15,,,,,,,,,,,,,,,,,,
13445,0,0,,1,,80,1,21,1,,,,,,,,15,,,,,,,,,,,,5,,,,,,,,,,,,,,,
13446,0,0,,1,,80,1,21,1,,,,,,,,15,,,,,,,,,,,,,15,,,,,,,,,,,,,,
13447,0,0,,1,,80,1,21,1,,,,,,,,15,,,,,,,,,,,,,,,,,,,10,,,,,,,,
13448,0,0,,1,,80,1,21,1,,,,,,,,15,,,,,,,,,,,,,,,,,,,,10,,,,,,,
13449,0,0,,1,,80,1,21,1,,,,,,,,15,,,,,,,,,,,,,,,,,,,,,,,10,,,,
13450,0,0,,1,,80,1,21,1,,,,,,,,,15,15,,,,,,,,,,,,,,,,,,,,,,,,,
13451,0,0,,1,,80,1,21,1,,,,,,,,,15,,15,,,,,,,,,,,,,,,,,,,,,,,,
13452,0,0,,1,,80,1,21,1,,,,,,,,,15,,,20,,,,,,,,,,,,,,,,,,,,,,,
13453,0,0,,1,,80,1,21,1,,,,,,,,,15,,,,20,,,,,,,,,,,,,,,,,,,,,,
13454,0,0,,1,,80,1,21,1,,,,,,,,,15,,,,,20,,,,,,,,,,,,,,,,,,,,,
13455,0,0,,1,,80,1,21,1,,,,,,,,,15,,,,,,15,,,,,,,,,,,,,,,,,,,,
13456,0,0,,1,,80,1,21,1,,,,,,,,,15,,,,,,,15,,,,,,,,,,,,,,,,,,,
13457,0,0,,1,,80,1,21,1,,,,,,,,,15,,,,,,,,15,,,,,,,,,,,,,,,,,,
13458,0,0,,1,,80,1,21,1,,,,,,,,,15,,,,,,,,,,,5,,,,,,,,,,,,,,,
13459,0,0,,1,,80,1,21,1,,,,,,,,,15,,,,,,,,,,,,15,,,,,,,,,,,,,,
13460,0,0,,1,,80,1,21,1,,,,,,,,,15,,,,,,,,,,,,,,,,,,10,,,,,,,,
13461,0,0,,1,,80,1,21,1,,,,,,,,,15,,,,,,,,,,,,,,,,,,,10,,,,,,,
13462,0,0,,1,,80,1,21,1,,,,,,,,,15,,,,,,,,,,,,,,,,,,,,,,10,,,,
13463,0,0,,1,,80,1,21,1,,,,,,,,,,15,15,,,,,,,,,,,,,,,,,,,,,,,,
13464,0,0,,1,,80,1,21,1,,,,,,,,,,15,,20,,,,,,,,,,,,,,,,,,,,,,,
13465,0,0,,1,,80,1,21,1,,,,,,,,,,15,,,20,,,,,,,,,,,,,,,,,,,,,,
13466,0,0,,1,,80,1,21,1,,,,,,,,,,15,,,,20,,,,,,,,,,,,,,,,,,,,,
13467,0,0,,1,,80,1,21,1,,,,,,,,,,15,,,,,15,,,,,,,,,,,,,,,,,,,,
13468,0,0,,1,,80,1,21,1,,,,,,,,,,15,,,,,,15,,,,,,,,,,,,,,,,,,,
13469,0,0,,1,,80,1,21,1,,,,,,,,,,15,,,,,,,15,,,,,,,,,,,,,,,,,,
13470,0,0,,1,,80,1,21,1,,,,,,,,,,15,,,,,,,,,,5,,,,,,,,,,,,,,,
13471,0,0,,1,,80,1,21,1,,,,,,,,,,15,,,,,,,,,,,15,,,,,,,,,,,,,,
13472,0,0,,1,,80,1,21,1,,,,,,,,,,15,,,,,,,,,,,,,,,,,10,,,,,,,,
13473,0,0,,1,,80,1,21,1,,,,,,,,,,15,,,,,,,,,,,,,,,,,,10,,,,,,,
13474,0,0,,1,,80,1,21,1,,,,,,,,,,15,,,,,,,,,,,,,,,,,,,,,10,,,,
13475,0,0,,1,,80,1,21,1,,,,,,,,,,,15,20,,,,,,,,,,,,,,,,,,,,,,,
13476,0,0,,1,,80,1,21,1,,,,,,,,,,,15,,20,,,,,,,,,,,,,,,,,,,,,,
13477,0,0,,1,,80,1,21,1,,,,,,,,,,,15,,,20,,,,,,,,,,,,,,,,,,,,,
13478,0,0,,1,,80,1,21,1,,,,,,,,,,,15,,,,15,,,,,,,,,,,,,,,,,,,,
13479,0,0,,1,,80,1,21,1,,,,,,,,,,,15,,,,,15,,,,,,,,,,,,,,,,,,,
13480,0,0,,1,,80,1,21,1,,,,,,,,,,,15,,,,,,15,,,,,,,,,,,,,,,,,,
13481,0,0,,1,,80,1,21,1,,,,,,,,,,,15,,,,,,,,,5,,,,,,,,,,,,,,,
13482,0,0,,1,,80,1,21,1,,,,,,,,,,,15,,,,,,,,,,15,,,,,,,,,,,,,,
13483,0,0,,1,,80,1,21,1,,,,,,,,,,,15,,,,,,,,,,,,,,,,10,,,,,,,,
13484,0,0,,1,,80,1,21,1,,,,,,,,,,,15,,,,,,,,,,,,,,,,,10,,,,,,,
13485,0,0,,1,,80,1,21,1,,,,,,,,,,,15,,,,,,,,,,,,,,,,,,,,10,,,,
13486,0,0,,1,,80,1,21,1,,,,,,,,,,,,20,20,,,,,,,,,,,,,,,,,,,,,,
13487,0,0,,1,,80,1,21,1,,,,,,,,,,,,20,,20,,,,,,,,,,,,,,,,,,,,,
13488,0,0,,1,,80,1,21,1,,,,,,,,,,,,20,,,15,,,,,,,,,,,,,,,,,,,,
13489,0,0,,1,,80,1,21,1,,,,,,,,,,,,20,,,,15,,,,,,,,,,,,,,,,,,,
13490,0,0,,1,,80,1,21,1,,,,,,,,,,,,20,,,,,15,,,,,,,,,,,,,,,,,,
13491,0,0,,1,,80,1,21,1,,,,,,,,,,,,20,,,,,,,,5,,,,,,,,,,,,,,,
13492,0,0,,1,,80,1,21,1,,,,,,,,,,,,20,,,,,,,,,15,,,,,,,,,,,,,,
13493,0,0,,1,,80,1,21,1,,,,,,,,,,,,20,,,,,,,,,,,,,,,10,,,,,,,,
13494,0,0,,1,,80,1,21,1,,,,,,,,,,,,20,,,,,,,,,,,,,,,,10,,,,,,,
13495,0,0,,1,,80,1,21,1,,,,,,,,,,,,20,,,,,,,,,,,,,,,,,,,10,,,,
13496,0,0,,1,,80,1,21,1,,,,,,,,,,,,,20,20,,,,,,,,,,,,,,,,,,,,,
13497,0,0,,1,,80,1,21,1,,,,,,,,,,,,,20,,15,,,,,,,,,,,,,,,,,,,,
13498,0,0,,1,,80,1,21,1,,,,,,,,,,,,,20,,,15,,,,,,,,,,,,,,,,,,,
13499,0,0,,1,,80,1,21,1,,,,,,,,,,,,,20,,,,15,,,,,,,,,,,,,,,,,,
13500,0,0,,1,,80,1,21,1,,,,,,,,,,,,,20,,,,,,,5,,,,,,,,,,,,,,,
13501,0,0,,1,,80,1,21,1,,,,,,,,,,,,,20,,,,,,,,15,,,,,,,,,,,,,,
13502,0,0,,1,,80,1,21,1,,,,,,,,,,,,,20,,,,,,,,,,,,,,10,,,,,,,,
13503,0,0,,1,,80,1,21,1,,,,,,,,,,,,,20,,,,,,,,,,,,,,,10,,,,,,,
13504,0,0,,1,,80,1,21,1,,,,,,,,,,,,,20,,,,,,,,,,,,,,,,,,10,,,,
13505,0,0,,1,,80,1,21,1,,,,,,,,,,,,,20,20,,,,,,,,,,,,,,,,,,,,,
13506,0,0,,1,,80,1,21,1,,,,,,,,,,,,,20,,15,,,,,,,,,,,,,,,,,,,,
13507,0,0,,1,,80,1,21,1,,,,,,,,,,,,,20,,,15,,,,,,,,,,,,,,,,,,,
13508,0,0,,1,,80,1,21,1,,,,,,,,,,,,,20,,,,15,,,,,,,,,,,,,,,,,,
13509,0,0,,1,,80,1,21,1,,,,,,,,,,,,,20,,,,,,,5,,,,,,,,,,,,,,,
13510,0,0,,1,,80,1,21,1,,,,,,,,,,,,,20,,,,,,,,15,,,,,,,,,,,,,,
13511,0,0,,1,,80,1,21,1,,,,,,,,,,,,,20,,,,,,,,,,,,,,10,,,,,,,,
13512,0,0,,1,,80,1,21,1,,,,,,,,,,,,,20,,,,,,,,,,,,,,,10,,,,,,,
13513,0,0,,1,,80,1,21,1,,,,,,,,,,,,,20,,,,,,,,,,,,,,,,,,10,,,,
13514,0,0,,1,,80,1,21,1,,,,,,,,,,,,,,20,15,,,,,,,,,,,,,,,,,,,,
13515,0,0,,1,,80,1,21,1,,,,,,,,,,,,,,20,,15,,,,,,,,,,,,,,,,,,,
13516,0,0,,1,,80,1,21,1,,,,,,,,,,,,,,20,,,15,,,,,,,,,,,,,,,,,,
13517,0,0,,1,,80,1,21,1,,,,,,,,,,,,,,20,,,,,,5,,,,,,,,,,,,,,,
13518,0,0,,1,,80,1,21,1,,,,,,,,,,,,,,20,,,,,,,15,,,,,,,,,,,,,,
13519,0,0,,1,,80,1,21,1,,,,,,,,,,,,,,20,,,,,,,,,,,,,10,,,,,,,,
13520,0,0,,1,,80,1,21,1,,,,,,,,,,,,,,20,,,,,,,,,,,,,,10,,,,,,,
13521,0,0,,1,,80,1,21,1,,,,,,,,,,,,,,20,,,,,,,,,,,,,,,,,10,,,,
13522,0,0,,1,,80,1,21,1,,,,,,,,,,,,,,,15,15,,,,,,,,,,,,,,,,,,,
13523,0,0,,1,,80,1,21,1,,,,,,,,,,,,,,,15,,15,,,,,,,,,,,,,,,,,,
13524,0,0,,1,,80,1,21,1,,,,,,,,,,,,,,,15,,,,,5,,,,,,,,,,,,,,,
13525,0,0,,1,,80,1,21,1,,,,,,,,,,,,,,,15,,,,,,15,,,,,,,,,,,,,,
13526,0,0,,1,,80,1,21,1,,,,,,,,,,,,,,,15,,,,,,,,,,,,10,,,,,,,,
13527,0,0,,1,,80,1,21,1,,,,,,,,,,,,,,,15,,,,,,,,,,,,,10,,,,,,,
13528,0,0,,1,,80,1,21,1,,,,,,,,,,,,,,,15,,,,,,,,,,,,,,,,10,,,,
13529,0,0,,1,,80,1,21,1,,,,,,,,,,,,,,,,15,15,,,,,,,,,,,,,,,,,,
13530,0,0,,1,,80,1,21,1,,,,,,,,,,,,,,,,15,,,,5,,,,,,,,,,,,,,,
13531,0,0,,1,,80,1,21,1,,,,,,,,,,,,,,,,15,,,,,15,,,,,,,,,,,,,,
13532,0,0,,1,,80,1,21,1,,,,,,,,,,,,,,,,15,,,,,,,,,,,10,,,,,,,,
13533,0,0,,1,,80,1,21,1,,,,,,,,,,,,,,,,15,,,,,,,,,,,,10,,,,,,,
13534,0,0,,1,,80,1,21,1,,,,,,,,,,,,,,,,15,,,,,,,,,,,,,,,10,,,,
13535,0,0,,1,,80,1,21,1,,,,,,,,,,,,,,,,,15,,,5,,,,,,,,,,,,,,,
13536,0,0,,1,,80,1,21,1,,,,,,,,,,,,,,,,,15,,,,15,,,,,,,,,,,,,,
13537,0,0,,1,,80,1,21,1,,,,,,,,,,,,,,,,,15,,,,,,,,,,10,,,,,,,,
13538,0,0,,1,,80,1,21,1,,,,,,,,,,,,,,,,,15,,,,,,,,,,,10,,,,,,,
13539,0,0,,1,,80,1,21,1,,,,,,,,,,,,,,,,,15,,,,,,,,,,,,,,10,,,,
13540,0,0,,1,,80,1,21,1,,,,,,,,,,,,,,,,,,,,5,15,,,,,,,,,,,,,,
13541,0,0,,1,,80,1,21,1,,,,,,,,,,,,,,,,,,,,5,,,,,,,10,,,,,,,,
13542,0,0,,1,,80,1,21,1,,,,,,,,,,,,,,,,,,,,5,,,,,,,,10,,,,,,,
13543,0,0,,1,,80,1,21,1,,,,,,,,,,,,,,,,,,,,5,,,,,,,,,,,10,,,,
13544,0,0,,1,,80,1,21,1,,,,,,,,,,,,,,,,,,,,,15,,,,,,10,,,,,,,,
13545,0,0,,1,,80,1,21,1,,,,,,,,,,,,,,,,,,,,,15,,,,,,,10,,,,,,,
13546,0,0,,1,,80,1,21,1,,,,,,,,,,,,,,,,,,,,,15,,,,,,,,,,10,,,,
13547,0,0,,1,,80,1,21,1,,,,,,,,,,,,,,,,,,,,,,,,,,,10,10,,,,,,,
13548,0,0,,1,,80,1,21,1,,,,,,,,,,,,,,,,,,,,,,,,,,,10,,,,10,,,,
13549,0,0,,1,,80,1,21,1,,,,,,,,,,,,,,,,,,,,,,,,,,,,10,,,10,,,,
13550,0,0,,1,,80,1,21,1,1.1,,,,,,,,,,,,,,,,,2,,,,,,,,,,,,,,,,,
13551,0,0,,1,,80,1,21,1,,1.1,,,,,,,,,,,,,,,,2,,,,,,,,,,,,,,,,,
13552,0,0,,1,,80,1,21,1,,,1.1,,,,,,,,,,,,,,,2,,,,,,,,,,,,,,,,,
13553,0,0,,1,,80,1,21,1,,,,1.1,,,,,,,,,,,,,,2,,,,,,,,,,,,,,,,,
13554,0,0,,1,,80,1,21,1,,,,,1.1,,,,,,,,,,,,,2,,,,,,,,,,,,,,,,,
13555,0,0,,1,,80,1,21,1,,,,,,15,,,,,,,,,,,,2,,,,,,,,,,,,,,,,,
13556,0,0,,1,,80,1,21,1,,,,,,,15,,,,,,,,,,,2,,,,,,,,,,,,,,,,,
13557,0,0,,1,,80,1,21,1,,,,,,,,15,,,,,,,,,,2,,,,,,,,,,,,,,,,,
13558,0,0,,1,,80,1,21,1,,,,,,,,,15,,,,,,,,,2,,,,,,,,,,,,,,,,,
13559,0,0,,1,,80,1,21,1,,,,,,,,,,15,,,,,,,,2,,,,,,,,,,,,,,,,,
13560,0,0,,1,,80,1,21,1,,,,,,,,,,,15,,,,,,,2,,,,,,,,,,,,,,,,,
13561,0,0,,1,,80,1,21,1,,,,,,,,,,,,20,,,,,,2,,,,,,,,,,,,,,,,,
13562,0,0,,1,,80,1,21,1,,,,,,,,,,,,,20,,,,,2,,,,,,,,,,,,,,,,,
13563,0,0,,1,,80,1,21,1,,,,,,,,,,,,,,20,,,,2,,,,,,,,,,,,,,,,,
13564,0,0,,1,,80,1,21,1,,,,,,,,,,,,,,,15,,,2,,,,,,,,,,,,,,,,,
13565,0,0,,1,,80,1,21,1,,,,,,,,,,,,,,,,,,2,10,,,,,,,,,,,,,,,,
13566,0,0,,1,,80,1,21,1,,,,,,,,,,,,,,,,15,,2,,,,,,,,,,,,,,,,,
13567,0,0,,1,,80,1,21,1,,,,,,,,,,,,,,,,,15,2,,,,,,,,,,,,,,,,,
13568,0,0,,1,,80,1,21,1,,,,,,,,,,,,,,,,,,2,,5,,,,,,,,,,,,,,,
13569,0,0,,1,,80,1,21,1,,,,,,,,,,,,,,,,,,2,,,15,,,,,,,,,,,,,,
13570,0,0,,1,,80,1,21,1,,,,,,,,,,,,,,,,,,2,,,,,,,,,10,,,,,,,,
13571,0,0,,1,,80,1,21,1,,,,,,,,,,,,,,,,,,2,,,,,,,,,,10,,,,,,,
13572,0,0,,1,,80,1,21,1,,,,,,,,,,,,,,,,,,2,,,,,,,,,,,,,10,,,,
13573,0,0,,1,,80,1,21,1,1.1,,,,,,,,,,,,,,,,,,10,,,,,,,,,,,,,,,,
13574,0,0,,1,,80,1,21,1,,1.1,,,,,,,,,,,,,,,,,10,,,,,,,,,,,,,,,,
13575,0,0,,1,,80,1,21,1,,,1.1,,,,,,,,,,,,,,,,10,,,,,,,,,,,,,,,,
13576,0,0,,1,,80,1,21,1,,,,1.1,,,,,,,,,,,,,,,10,,,,,,,,,,,,,,,,
13577,0,0,,1,,80,1,21,1,,,,,1.1,,,,,,,,,,,,,,10,,,,,,,,,,,,,,,,
13578,0,0,,1,,80,1,21,1,,,,,,15,,,,,,,,,,,,,10,,,,,,,,,,,,,,,,
13579,0,0,,1,,80,1,21,1,,,,,,,15,,,,,,,,,,,,10,,,,,,,,,,,,,,,,
13580,0,0,,1,,80,1,21,1,,,,,,,,15,,,,,,,,,,,10,,,,,,,,,,,,,,,,
13581,0,0,,1,,80,1,21,1,,,,,,,,,15,,,,,,,,,,10,,,,,,,,,,,,,,,,
13582,0,0,,1,,80,1,21,1,,,,,,,,,,15,,,,,,,,,10,,,,,,,,,,,,,,,,
13583,0,0,,1,,80,1,21,1,,,,,,,,,,,15,,,,,,,,10,,,,,,,,,,,,,,,,
13584,0,0,,1,,80,1,21,1,,,,,,,,,,,,20,,,,,,,10,,,,,,,,,,,,,,,,
13585,0,0,,1,,80,1,21,1,,,,,,,,,,,,,20,,,,,,10,,,,,,,,,,,,,,,,
13586,0,0,,1,,80,1,21,1,,,,,,,,,,,,,,20,,,,,10,,,,,,,,,,,,,,,,
13587,0,0,,1,,80,1,21,1,,,,,,,,,,,,,,,15,,,,10,,,,,,,,,,,,,,,,
13588,0,0,,1,,80,1,21,1,,,,,,,,,,,,,,,,,,2,10,,,,,,,,,,,,,,,,
13589,0,0,,1,,80,1,21,1,,,,,,,,,,,,,,,,15,,,10,,,,,,,,,,,,,,,,
13590,0,0,,1,,80,1,21,1,,,,,,,,,,,,,,,,,15,,10,,,,,,,,,,,,,,,,
13591,0,0,,1,,80,1,21,1,,,,,,,,,,,,,,,,,,,10,5,,,,,,,,,,,,,,,
13592,0,0,,1,,80,1,21,1,,,,,,,,,,,,,,,,,,,10,,15,,,,,,,,,,,,,,
13593,0,0,,1,,80,1,21,1,,,,,,,,,,,,,,,,,,,10,,,,,,,,10,,,,,,,,
13594,0,0,,1,,80,1,21,1,,,,,,,,,,,,,,,,,,,10,,,,,,,,,10,,,,,,,
13595,0,0,,1,,80,1,21,1,,,,,,,,,,,,,,,,,,,10,,,,,,,,,,,,10,,,,
13596,0,0,,1,,80,1,30,1,2,2,,,,,,,,,,,,,,,,,,,,,,,,,,,,,,,,,
13597,0,0,,1,,80,1,30,1,,2,2,,,,,,,,,,,,,,,,,,,,,,,,,,,,,,,,
13598,0,0,,1,,80,1,30,1,,2,,2,,,,,,,,,,,,,,,,,,,,,,,,,,,,,,,
13599,0,0,,1,,80,1,30,1,,2,,,2,,,,,,,,,,,,,,,,,,,,,,,,,,,,,,
13600,0,0,,1,,80,1,30,1,,2,,,,20,,,,,,,,,,,,,,,,,,,,,,,,,,,,,
13601,0,0,,1,,80,1,30,1,,2,,,,,,,20,,,,,,,,,,,,,,,,,,,,,,,,,,
13602,0,0,,1,,80,1,30,1,,2,,,,,,,,20,,,,,,,,,,,,,,,,,,,,,,,,,
13603,0,0,,1,,80,1,30,1,,2,,,,,,,,,20,,,,,,,,,,,,,,,,,,,,,,,,
13656,0,0,,1,,80,1,31,1,,,,,,,,,,,,30,,,,,,,,,,,,,,,,,,,10,,,,
13657,0,0,,1,,80,1,31,1,,,,,,,,,,,,,30,,,,,,,,,,,,,,,,,,10,,,,
13658,0,0,,1,,80,1,31,1,,,,,,,,,,,,,,30,,,,,,,,,,,,,,,,,10,,,,
13659,0,0,,1,,80,1,31,1,,,,,,,,20,,,,,,,,,,,,,,,,,,,,,,,10,,,,
13660,0,0,,1,,80,1,31,1,,,,,,,,,,,,30,,,,,,,,,,,,,,,,,,,,20,,,
13661,0,0,,1,,80,1,31,1,,,,,,,,,,,,,30,,,,,,,,,,,,,,,,,,,20,,,
13662,0,0,,1,,80,1,31,1,,,,,,,,,,,,,,30,,,,,,,,,,,,,,,,,,20,,,
13663,0,0,,1,,80,1,31,1,,,,,,,,20,,,,,,,,,,,,,,,,,,,,,,,,20,,,
13664,0,0,,1,,80,1,31,1,,,,,,,,,,,,30,,,,,,,,,30,,,,,,,,,,,,,,
13665,0,0,,1,,80,1,31,1,,,,,,,,,,,,,30,,,,,,,,30,,,,,,,,,,,,,,
13666,0,0,,1,,80,1,31,1,,,,,,,,,,,,,,30,,,,,,,30,,,,,,,,,,,,,,
13667,0,0,,1,,80,1,31,1,,,,,,,,20,,,,,,,,,,,,,30,,,,,,,,,,,,,,
13668,0,0,,1,,80,1,31,1,,,,,,,,,,,,30,,,,,,,,20,,,,,,,,,,,,,,,
13669,0,0,,1,,80,1,31,1,,,,,,,,,,,,,30,,,,,,,20,,,,,,,,,,,,,,,
13670,0,0,,1,,80,1,31,1,,,,,,,,,,,,,,30,,,,,,20,,,,,,,,,,,,,,,
13671,0,0,,1,,80,1,31,1,,,,,,,,20,,,,,,,,,,,,20,,,,,,,,,,,,,,,
13672,0,0,,1,,80,1,31,1,,,,,,,,,,,,30,,,,,,2,,,,,,,,,,,,,,,,,
13673,0,0,,1,,80,1,31,1,,,,,,,,,,,,,30,,,,,2,,,,,,,,,,,,,,,,,
13674,0,0,,1,,80,1,31,1,,,,,,,,,,,,,,30,,,,2,,,,,,,,,,,,,,,,,
13675,0,0,,1,,80,1,31,1,,,,,,,,20,,,,,,,,,,2,,,,,,,,,,,,,,,,,
13677,0,0,,1,,80,1,31,1,,,,,,,10,,,,,30,,,,,,,,,,,,,,,,,,,,,,,
13678,0,0,,1,,80,1,31,1,,,,,,,10,,,,,,30,,,,,,,,,,,,,,,,,,,,,,
13679,0,0,,1,,80,1,31,1,,,,,,,10,,,,,,,30,,,,,,,,,,,,,,,,,,,,,
13680,0,0,,1,,80,1,31,1,,,,,,,10,20,,,,,,,,,,,,,,,,,,,,,,,,,,,
14000,0,0,,1,,,1,20,1,1.1,1.1,,,,,,,,,,,,,,,,,,,,,,,,,,,,,,,,,
14001,0,0,,1,,,1,20,1,1.1,,1.1,,,,,,,,,,,,,,,,,,,,,,,,,,,,,,,,
14002,0,0,,1,,,1,20,1,1.1,,,1.1,,,,,,,,,,,,,,,,,,,,,,,,,,,,,,,
14003,0,0,,1,,,1,20,1,1.1,,,,1.1,,,,,,,,,,,,,,,,,,,,,,,,,,,,,,
14004,0,0,,1,,,1,20,1,1.1,,,,,15,,,,,,,,,,,,,,,,,,,,,,,,,,,,,
14005,0,0,,1,,,1,20,1,1.1,,,,,,15,,,,,,,,,,,,,,,,,,,,,,,,,,,,
14006,0,0,,1,,,1,20,1,1.1,,,,,,,15,,,,,,,,,,,,,,,,,,,,,,,,,,,
14007,0,0,,1,,,1,20,1,1.1,,,,,,,,15,,,,,,,,,,,,,,,,,,,,,,,,,,
14008,0,0,,1,,,1,20,1,1.1,,,,,,,,,15,,,,,,,,,,,,,,,,,,,,,,,,,
14009,0,0,,1,,,1,20,1,1.1,,,,,,,,,,15,,,,,,,,,,,,,,,,,,,,,,,,
14010,0,0,,1,,,1,20,1,1.1,,,,,,,,,,,20,,,,,,,,,,,,,,,,,,,,,,,
14011,0,0,,1,,,1,20,1,1.1,,,,,,,,,,,,20,,,,,,,,,,,,,,,,,,,,,,
14012,0,0,,1,,,1,20,1,1.1,,,,,,,,,,,,,20,,,,,,,,,,,,,,,,,,,,,
14013,0,0,,1,,,1,20,1,1.1,,,,,,,,,,,,,,15,,,,,,,,,,,,,,,,,,,,
14014,0,0,,1,,,1,20,1,1.1,,,,,,,,,,,,,,,15,,,,,,,,,,,,,,,,,,,
14015,0,0,,1,,,1,20,1,1.1,,,,,,,,,,,,,,,,15,,,,,,,,,,,,,,,,,,
14016,0,0,,1,,,1,20,1,1.1,,,,,,,,,,,,,,,,,,,5,,,,,,,,,,,,,,,
14017,0,0,,1,,,1,20,1,1.1,,,,,,,,,,,,,,,,,,,,15,,,,,,,,,,,,,,
14018,0,0,,1,,,1,20,1,1.1,,,,,,,,,,,,,,,,,,,,,,,,,,10,,,,,,,,
14019,0,0,,1,,,1,20,1,1.1,,,,,,,,,,,,,,,,,,,,,,,,,,,10,,,,,,,
14020,0,0,,1,,,1,20,1,1.1,,,,,,,,,,,,,,,,,,,,,,,,,,,,,,10,,,,
14021,0,0,,1,,,1,20,1,,1.1,1.1,,,,,,,,,,,,,,,,,,,,,,,,,,,,,,,,
14022,0,0,,1,,,1,20,1,,1.1,,1.1,,,,,,,,,,,,,,,,,,,,,,,,,,,,,,,
14023,0,0,,1,,,1,20,1,,1.1,,,1.1,,,,,,,,,,,,,,,,,,,,,,,,,,,,,,
14024,0,0,,1,,,1,20,1,,1.1,,,,15,,,,,,,,,,,,,,,,,,,,,,,,,,,,,
14025,0,0,,1,,,1,20,1,,1.1,,,,,15,,,,,,,,,,,,,,,,,,,,,,,,,,,,
14026,0,0,,1,,,1,20,1,,1.1,,,,,,15,,,,,,,,,,,,,,,,,,,,,,,,,,,
14027,0,0,,1,,,1,20,1,,1.1,,,,,,,15,,,,,,,,,,,,,,,,,,,,,,,,,,
14028,0,0,,1,,,1,20,1,,1.1,,,,,,,,15,,,,,,,,,,,,,,,,,,,,,,,,,
14029,0,0,,1,,,1,20,1,,1.1,,,,,,,,,15,,,,,,,,,,,,,,,,,,,,,,,,
14030,0,0,,1,,,1,20,1,,1.1,,,,,,,,,,20,,,,,,,,,,,,,,,,,,,,,,,
14031,0,0,,1,,,1,20,1,,1.1,,,,,,,,,,,20,,,,,,,,,,,,,,,,,,,,,,
14032,0,0,,1,,,1,20,1,,1.1,,,,,,,,,,,,20,,,,,,,,,,,,,,,,,,,,,
14033,0,0,,1,,,1,20,1,,1.1,,,,,,,,,,,,,15,,,,,,,,,,,,,,,,,,,,
14034,0,0,,1,,,1,20,1,,1.1,,,,,,,,,,,,,,15,,,,,,,,,,,,,,,,,,,
14035,0,0,,1,,,1,20,1,,1.1,,,,,,,,,,,,,,,15,,,,,,,,,,,,,,,,,,
14036,0,0,,1,,,1,20,1,,1.1,,,,,,,,,,,,,,,,,,5,,,,,,,,,,,,,,,
14037,0,0,,1,,,1,20,1,,1.1,,,,,,,,,,,,,,,,,,,15,,,,,,,,,,,,,,
14038,0,0,,1,,,1,20,1,,1.1,,,,,,,,,,,,,,,,,,,,,,,,,10,,,,,,,,
14039,0,0,,1,,,1,20,1,,1.1,,,,,,,,,,,,,,,,,,,,,,,,,,10,,,,,,,
14040,0,0,,1,,,1,20,1,,1.1,,,,,,,,,,,,,,,,,,,,,,,,,,,,,10,,,,
14041,0,0,,1,,,1,20,1,,,1.1,1.1,,,,,,,,,,,,,,,,,,,,,,,,,,,,,,,
14042,0,0,,1,,,1,20,1,,,1.1,,1.1,,,,,,,,,,,,,,,,,,,,,,,,,,,,,,
14043,0,0,,1,,,1,20,1,,,1.1,,,15,,,,,,,,,,,,,,,,,,,,,,,,,,,,,
14044,0,0,,1,,,1,20,1,,,1.1,,,,15,,,,,,,,,,,,,,,,,,,,,,,,,,,,
14045,0,0,,1,,,1,20,1,,,1.1,,,,,15,,,,,,,,,,,,,,,,,,,,,,,,,,,
14046,0,0,,1,,,1,20,1,,,1.1,,,,,,15,,,,,,,,,,,,,,,,,,,,,,,,,,
14047,0,0,,1,,,1,20,1,,,1.1,,,,,,,15,,,,,,,,,,,,,,,,,,,,,,,,,
14048,0,0,,1,,,1,20,1,,,1.1,,,,,,,,15,,,,,,,,,,,,,,,,,,,,,,,,
14049,0,0,,1,,,1,20,1,,,1.1,,,,,,,,,20,,,,,,,,,,,,,,,,,,,,,,,
14050,0,0,,1,,,1,20,1,,,1.1,,,,,,,,,,20,,,,,,,,,,,,,,,,,,,,,,
14051,0,0,,1,,,1,20,1,,,1.1,,,,,,,,,,,20,,,,,,,,,,,,,,,,,,,,,
14052,0,0,,1,,,1,20,1,,,1.1,,,,,,,,,,,,15,,,,,,,,,,,,,,,,,,,,
14053,0,0,,1,,,1,20,1,,,1.1,,,,,,,,,,,,,15,,,,,,,,,,,,,,,,,,,
14054,0,0,,1,,,1,20,1,,,1.1,,,,,,,,,,,,,,15,,,,,,,,,,,,,,,,,,
14055,0,0,,1,,,1,20,1,,,1.1,,,,,,,,,,,,,,,,,5,,,,,,,,,,,,,,,
14056,0,0,,1,,,1,20,1,,,1.1,,,,,,,,,,,,,,,,,,15,,,,,,,,,,,,,,
14057,0,0,,1,,,1,20,1,,,1.1,,,,,,,,,,,,,,,,,,,,,,,,10,,,,,,,,
14058,0,0,,1,,,1,20,1,,,1.1,,,,,,,,,,,,,,,,,,,,,,,,,10,,,,,,,
14059,0,0,,1,,,1,20,1,,,1.1,,,,,,,,,,,,,,,,,,,,,,,,,,,,10,,,,
14060,0,0,,1,,,1,20,1,,,,1.1,1.1,,,,,,,,,,,,,,,,,,,,,,,,,,,,,,
14061,0,0,,1,,,1,20,1,,,,1.1,,15,,,,,,,,,,,,,,,,,,,,,,,,,,,,,
14062,0,0,,1,,,1,20,1,,,,1.1,,,15,,,,,,,,,,,,,,,,,,,,,,,,,,,,
14063,0,0,,1,,,1,20,1,,,,1.1,,,,15,,,,,,,,,,,,,,,,,,,,,,,,,,,
14064,0,0,,1,,,1,20,1,,,,1.1,,,,,15,,,,,,,,,,,,,,,,,,,,,,,,,,
14065,0,0,,1,,,1,20,1,,,,1.1,,,,,,15,,,,,,,,,,,,,,,,,,,,,,,,,
14066,0,0,,1,,,1,20,1,,,,1.1,,,,,,,15,,,,,,,,,,,,,,,,,,,,,,,,
14067,0,0,,1,,,1,20,1,,,,1.1,,,,,,,,20,,,,,,,,,,,,,,,,,,,,,,,
14068,0,0,,1,,,1,20,1,,,,1.1,,,,,,,,,20,,,,,,,,,,,,,,,,,,,,,,
14069,0,0,,1,,,1,20,1,,,,1.1,,,,,,,,,,20,,,,,,,,,,,,,,,,,,,,,
14070,0,0,,1,,,1,20,1,,,,1.1,,,,,,,,,,,15,,,,,,,,,,,,,,,,,,,,
14071,0,0,,1,,,1,20,1,,,,1.1,,,,,,,,,,,,15,,,,,,,,,,,,,,,,,,,
14072,0,0,,1,,,1,20,1,,,,1.1,,,,,,,,,,,,,15,,,,,,,,,,,,,,,,,,
14073,0,0,,1,,,1,20,1,,,,1.1,,,,,,,,,,,,,,,,5,,,,,,,,,,,,,,,
14074,0,0,,1,,,1,20,1,,,,1.1,,,,,,,,,,,,,,,,,15,,,,,,,,,,,,,,
14075,0,0,,1,,,1,20,1,,,,1.1,,,,,,,,,,,,,,,,,,,,,,,10,,,,,,,,
14076,0,0,,1,,,1,20,1,,,,1.1,,,,,,,,,,,,,,,,,,,,,,,,10,,,,,,,
14077,0,0,,1,,,1,20,1,,,,1.1,,,,,,,,,,,,,,,,,,,,,,,,,,,10,,,,
14078,0,0,,1,,,1,20,1,,,,,1.1,15,,,,,,,,,,,,,,,,,,,,,,,,,,,,,
14079,0,0,,1,,,1,20,1,,,,,1.1,,15,,,,,,,,,,,,,,,,,,,,,,,,,,,,
14080,0,0,,1,,,1,20,1,,,,,1.1,,,15,,,,,,,,,,,,,,,,,,,,,,,,,,,
14081,0,0,,1,,,1,20,1,,,,,1.1,,,,15,,,,,,,,,,,,,,,,,,,,,,,,,,
14082,0,0,,1,,,1,20,1,,,,,1.1,,,,,15,,,,,,,,,,,,,,,,,,,,,,,,,
14083,0,0,,1,,,1,20,1,,,,,1.1,,,,,,15,,,,,,,,,,,,,,,,,,,,,,,,
14084,0,0,,1,,,1,20,1,,,,,1.1,,,,,,,20,,,,,,,,,,,,,,,,,,,,,,,
14085,0,0,,1,,,1,20,1,,,,,1.1,,,,,,,,20,,,,,,,,,,,,,,,,,,,,,,
14086,0,0,,1,,,1,20,1,,,,,1.1,,,,,,,,,20,,,,,,,,,,,,,,,,,,,,,
14087,0,0,,1,,,1,20,1,,,,,1.1,,,,,,,,,,15,,,,,,,,,,,,,,,,,,,,
14088,0,0,,1,,,1,20,1,,,,,1.1,,,,,,,,,,,15,,,,,,,,,,,,,,,,,,,
14089,0,0,,1,,,1,20,1,,,,,1.1,,,,,,,,,,,,15,,,,,,,,,,,,,,,,,,
14090,0,0,,1,,,1,20,1,,,,,1.1,,,,,,,,,,,,,,,5,,,,,,,,,,,,,,,
14091,0,0,,1,,,1,20,1,,,,,1.1,,,,,,,,,,,,,,,,15,,,,,,,,,,,,,,
14092,0,0,,1,,,1,20,1,,,,,1.1,,,,,,,,,,,,,,,,,,,,,,10,,,,,,,,
14093,0,0,,1,,,1,20,1,,,,,1.1,,,,,,,,,,,,,,,,,,,,,,,10,,,,,,,
14094,0,0,,1,,,1,20,1,,,,,1.1,,,,,,,,,,,,,,,,,,,,,,,,,,10,,,,
14095,0,0,,1,,,1,20,1,,,,,,15,15,,,,,,,,,,,,,,,,,,,,,,,,,,,,
14096,0,0,,1,,,1,20,1,,,,,,15,,15,,,,,,,,,,,,,,,,,,,,,,,,,,,
14097,0,0,,1,,,1,20,1,,,,,,15,,,15,,,,,,,,,,,,,,,,,,,,,,,,,,
14098,0,0,,1,,,1,20,1,,,,,,15,,,,15,,,,,,,,,,,,,,,,,,,,,,,,,
14099,0,0,,1,,,1,20,1,,,,,,15,,,,,15,,,,,,,,,,,,,,,,,,,,,,,,
14100,0,0,,1,,,1,20,1,,,,,,15,,,,,,20,,,,,,,,,,,,,,,,,,,,,,,
14101,0,0,,1,,,1,20,1,,,,,,15,,,,,,,20,,,,,,,,,,,,,,,,,,,,,,
14102,0,0,,1,,,1,20,1,,,,,,15,,,,,,,,20,,,,,,,,,,,,,,,,,,,,,
14103,0,0,,1,,,1,20,1,,,,,,15,,,,,,,,,15,,,,,,,,,,,,,,,,,,,,
14104,0,0,,1,,,1,20,1,,,,,,15,,,,,,,,,,15,,,,,,,,,,,,,,,,,,,
14105,0,0,,1,,,1,20,1,,,,,,15,,,,,,,,,,,15,,,,,,,,,,,,,,,,,,
14106,0,0,,1,,,1,20,1,,,,,,15,,,,,,,,,,,,,,5,,,,,,,,,,,,,,,
14107,0,0,,1,,,1,20,1,,,,,,15,,,,,,,,,,,,,,,15,,,,,,,,,,,,,,
14108,0,0,,1,,,1,20,1,,,,,,15,,,,,,,,,,,,,,,,,,,,,10,,,,,,,,
14109,0,0,,1,,,1,20,1,,,,,,15,,,,,,,,,,,,,,,,,,,,,,10,,,,,,,
14110,0,0,,1,,,1,20,1,,,,,,15,,,,,,,,,,,,,,,,,,,,,,,,,10,,,,
14111,0,0,,1,,,1,20,1,,,,,,,15,15,,,,,,,,,,,,,,,,,,,,,,,,,,,
14112,0,0,,1,,,1,20,1,,,,,,,15,,15,,,,,,,,,,,,,,,,,,,,,,,,,,
14113,0,0,,1,,,1,20,1,,,,,,,15,,,15,,,,,,,,,,,,,,,,,,,,,,,,,
14114,0,0,,1,,,1,20,1,,,,,,,15,,,,15,,,,,,,,,,,,,,,,,,,,,,,,
14115,0,0,,1,,,1,20,1,,,,,,,15,,,,,20,,,,,,,,,,,,,,,,,,,,,,,
14116,0,0,,1,,,1,20,1,,,,,,,15,,,,,,20,,,,,,,,,,,,,,,,,,,,,,
14117,0,0,,1,,,1,20,1,,,,,,,15,,,,,,,20,,,,,,,,,,,,,,,,,,,,,
14118,0,0,,1,,,1,20,1,,,,,,,15,,,,,,,,15,,,,,,,,,,,,,,,,,,,,
14119,0,0,,1,,,1,20,1,,,,,,,15,,,,,,,,,15,,,,,,,,,,,,,,,,,,,
14120,0,0,,1,,,1,20,1,,,,,,,15,,,,,,,,,,15,,,,,,,,,,,,,,,,,,
14121,0,0,,1,,,1,20,1,,,,,,,15,,,,,,,,,,,,,5,,,,,,,,,,,,,,,
14122,0,0,,1,,,1,20,1,,,,,,,15,,,,,,,,,,,,,,15,,,,,,,,,,,,,,
14123,0,0,,1,,,1,20,1,,,,,,,15,,,,,,,,,,,,,,,,,,,,10,,,,,,,,
14124,0,0,,1,,,1,20,1,,,,,,,15,,,,,,,,,,,,,,,,,,,,,10,,,,,,,
14125,0,0,,1,,,1,20,1,,,,,,,15,,,,,,,,,,,,,,,,,,,,,,,,10,,,,
14126,0,0,,1,,,1,20,1,,,,,,,,15,15,,,,,,,,,,,,,,,,,,,,,,,,,,
14127,0,0,,1,,,1,20,1,,,,,,,,15,,15,,,,,,,,,,,,,,,,,,,,,,,,,
14128,0,0,,1,,,1,20,1,,,,,,,,15,,,15,,,,,,,,,,,,,,,,,,,,,,,,
14129,0,0,,1,,,1,20,1,,,,,,,,15,,,,20,,,,,,,,,,,,,,,,,,,,,,,
14130,0,0,,1,,,1,20,1,,,,,,,,15,,,,,20,,,,,,,,,,,,,,,,,,,,,,
14131,0,0,,1,,,1,20,1,,,,,,,,15,,,,,,20,,,,,,,,,,,,,,,,,,,,,
14132,0,0,,1,,,1,20,1,,,,,,,,15,,,,,,,15,,,,,,,,,,,,,,,,,,,,
14133,0,0,,1,,,1,20,1,,,,,,,,15,,,,,,,,15,,,,,,,,,,,,,,,,,,,
14134,0,0,,1,,,1,20,1,,,,,,,,15,,,,,,,,,15,,,,,,,,,,,,,,,,,,
14135,0,0,,1,,,1,20,1,,,,,,,,15,,,,,,,,,,,,5,,,,,,,,,,,,,,,
14136,0,0,,1,,,1,20,1,,,,,,,,15,,,,,,,,,,,,,15,,,,,,,,,,,,,,
14137,0,0,,1,,,1,20,1,,,,,,,,15,,,,,,,,,,,,,,,,,,,10,,,,,,,,
14138,0,0,,1,,,1,20,1,,,,,,,,15,,,,,,,,,,,,,,,,,,,,10,,,,,,,
14139,0,0,,1,,,1,20,1,,,,,,,,15,,,,,,,,,,,,,,,,,,,,,,,10,,,,
14140,0,0,,1,,,1,20,1,,,,,,,,,15,15,,,,,,,,,,,,,,,,,,,,,,,,,
14141,0,0,,1,,,1,20,1,,,,,,,,,15,,15,,,,,,,,,,,,,,,,,,,,,,,,
14142,0,0,,1,,,1,20,1,,,,,,,,,15,,,20,,,,,,,,,,,,,,,,,,,,,,,
14143,0,0,,1,,,1,20,1,,,,,,,,,15,,,,20,,,,,,,,,,,,,,,,,,,,,,
14144,0,0,,1,,,1,20,1,,,,,,,,,15,,,,,20,,,,,,,,,,,,,,,,,,,,,
14145,0,0,,1,,,1,20,1,,,,,,,,,15,,,,,,15,,,,,,,,,,,,,,,,,,,,
14146,0,0,,1,,,1,20,1,,,,,,,,,15,,,,,,,15,,,,,,,,,,,,,,,,,,,
14147,0,0,,1,,,1,20,1,,,,,,,,,15,,,,,,,,15,,,,,,,,,,,,,,,,,,
14148,0,0,,1,,,1,20,1,,,,,,,,,15,,,,,,,,,,,5,,,,,,,,,,,,,,,
14149,0,0,,1,,,1,20,1,,,,,,,,,15,,,,,,,,,,,,15,,,,,,,,,,,,,,
14150,0,0,,1,,,1,20,1,,,,,,,,,15,,,,,,,,,,,,,,,,,,10,,,,,,,,
14151,0,0,,1,,,1,20,1,,,,,,,,,15,,,,,,,,,,,,,,,,,,,10,,,,,,,
14152,0,0,,1,,,1,20,1,,,,,,,,,15,,,,,,,,,,,,,,,,,,,,,,10,,,,
14153,0,0,,1,,,1,20,1,,,,,,,,,,15,15,,,,,,,,,,,,,,,,,,,,,,,,
14154,0,0,,1,,,1,20,1,,,,,,,,,,15,,20,,,,,,,,,,,,,,,,,,,,,,,
14155,0,0,,1,,,1,20,1,,,,,,,,,,15,,,20,,,,,,,,,,,,,,,,,,,,,,
14156,0,0,,1,,,1,20,1,,,,,,,,,,15,,,,20,,,,,,,,,,,,,,,,,,,,,
14157,0,0,,1,,,1,20,1,,,,,,,,,,15,,,,,15,,,,,,,,,,,,,,,,,,,,
14158,0,0,,1,,,1,20,1,,,,,,,,,,15,,,,,,15,,,,,,,,,,,,,,,,,,,
14159,0,0,,1,,,1,20,1,,,,,,,,,,15,,,,,,,15,,,,,,,,,,,,,,,,,,
14160,0,0,,1,,,1,20,1,,,,,,,,,,15,,,,,,,,,,5,,,,,,,,,,,,,,,
14161,0,0,,1,,,1,20,1,,,,,,,,,,15,,,,,,,,,,,15,,,,,,,,,,,,,,
14162,0,0,,1,,,1,20,1,,,,,,,,,,15,,,,,,,,,,,,,,,,,10,,,,,,,,
14163,0,0,,1,,,1,20,1,,,,,,,,,,15,,,,,,,,,,,,,,,,,,10,,,,,,,
14164,0,0,,1,,,1,20,1,,,,,,,,,,15,,,,,,,,,,,,,,,,,,,,,10,,,,
14165,0,0,,1,,,1,20,1,,,,,,,,,,,15,20,,,,,,,,,,,,,,,,,,,,,,,
14166,0,0,,1,,,1,20,1,,,,,,,,,,,15,,20,,,,,,,,,,,,,,,,,,,,,,
14167,0,0,,1,,,1,20,1,,,,,,,,,,,15,,,20,,,,,,,,,,,,,,,,,,,,,
14168,0,0,,1,,,1,20,1,,,,,,,,,,,15,,,,15,,,,,,,,,,,,,,,,,,,,
14169,0,0,,1,,,1,20,1,,,,,,,,,,,15,,,,,15,,,,,,,,,,,,,,,,,,,
14170,0,0,,1,,,1,20,1,,,,,,,,,,,15,,,,,,15,,,,,,,,,,,,,,,,,,
14171,0,0,,1,,,1,20,1,,,,,,,,,,,15,,,,,,,,,5,,,,,,,,,,,,,,,
14172,0,0,,1,,,1,20,1,,,,,,,,,,,15,,,,,,,,,,15,,,,,,,,,,,,,,
14173,0,0,,1,,,1,20,1,,,,,,,,,,,15,,,,,,,,,,,,,,,,10,,,,,,,,
14174,0,0,,1,,,1,20,1,,,,,,,,,,,15,,,,,,,,,,,,,,,,,10,,,,,,,
14175,0,0,,1,,,1,20,1,,,,,,,,,,,15,,,,,,,,,,,,,,,,,,,,10,,,,
14176,0,0,,1,,,1,20,1,,,,,,,,,,,,20,20,,,,,,,,,,,,,,,,,,,,,,
14177,0,0,,1,,,1,20,1,,,,,,,,,,,,20,,20,,,,,,,,,,,,,,,,,,,,,
14178,0,0,,1,,,1,20,1,,,,,,,,,,,,20,,,15,,,,,,,,,,,,,,,,,,,,
14179,0,0,,1,,,1,20,1,,,,,,,,,,,,20,,,,15,,,,,,,,,,,,,,,,,,,
14180,0,0,,1,,,1,20,1,,,,,,,,,,,,20,,,,,15,,,,,,,,,,,,,,,,,,
14181,0,0,,1,,,1,20,1,,,,,,,,,,,,20,,,,,,,,5,,,,,,,,,,,,,,,
14182,0,0,,1,,,1,20,1,,,,,,,,,,,,20,,,,,,,,,15,,,,,,,,,,,,,,
14183,0,0,,1,,,1,20,1,,,,,,,,,,,,20,,,,,,,,,,,,,,,10,,,,,,,,
14184,0,0,,1,,,1,20,1,,,,,,,,,,,,20,,,,,,,,,,,,,,,,10,,,,,,,
14185,0,0,,1,,,1,20,1,,,,,,,,,,,,20,,,,,,,,,,,,,,,,,,,10,,,,
14186,0,0,,1,,,1,20,1,,,,,,,,,,,,,20,20,,,,,,,,,,,,,,,,,,,,,
14187,0,0,,1,,,1,20,1,,,,,,,,,,,,,20,,15,,,,,,,,,,,,,,,,,,,,
14188,0,0,,1,,,1,20,1,,,,,,,,,,,,,20,,,15,,,,,,,,,,,,,,,,,,,
14189,0,0,,1,,,1,20,1,,,,,,,,,,,,,20,,,,15,,,,,,,,,,,,,,,,,,
14190,0,0,,1,,,1,20,1,,,,,,,,,,,,,20,,,,,,,5,,,,,,,,,,,,,,,
14191,0,0,,1,,,1,20,1,,,,,,,,,,,,,20,,,,,,,,15,,,,,,,,,,,,,,
14192,0,0,,1,,,1,20,1,,,,,,,,,,,,,20,,,,,,,,,,,,,,10,,,,,,,,
14193,0,0,,1,,,1,20,1,,,,,,,,,,,,,20,,,,,,,,,,,,,,,10,,,,,,,
14194,0,0,,1,,,1,20,1,,,,,,,,,,,,,20,,,,,,,,,,,,,,,,,,10,,,,
14195,0,0,,1,,,1,20,1,,,,,,,,,,,,,20,20,,,,,,,,,,,,,,,,,,,,,
14196,0,0,,1,,,1,20,1,,,,,,,,,,,,,20,,15,,,,,,,,,,,,,,,,,,,,
14197,0,0,,1,,,1,20,1,,,,,,,,,,,,,20,,,15,,,,,,,,,,,,,,,,,,,
14198,0,0,,1,,,1,20,1,,,,,,,,,,,,,20,,,,15,,,,,,,,,,,,,,,,,,
14199,0,0,,1,,,1,20,1,,,,,,,,,,,,,20,,,,,,,5,,,,,,,,,,,,,,,
14200,0,0,,1,,,1,20,1,,,,,,,,,,,,,20,,,,,,,,15,,,,,,,,,,,,,,
14201,0,0,,1,,,1,20,1,,,,,,,,,,,,,20,,,,,,,,,,,,,,10,,,,,,,,
14202,0,0,,1,,,1,20,1,,,,,,,,,,,,,20,,,,,,,,,,,,,,,10,,,,,,,
14203,0,0,,1,,,1,20,1,,,,,,,,,,,,,20,,,,,,,,,,,,,,,,,,10,,,,
14204,0,0,,1,,,1,20,1,,,,,,,,,,,,,,20,15,,,,,,,,,,,,,,,,,,,,
14205,0,0,,1,,,1,20,1,,,,,,,,,,,,,,20,,15,,,,,,,,,,,,,,,,,,,
14206,0,0,,1,,,1,20,1,,,,,,,,,,,,,,20,,,15,,,,,,,,,,,,,,,,,,
14207,0,0,,1,,,1,20,1,,,,,,,,,,,,,,20,,,,,,5,,,,,,,,,,,,,,,
14208,0,0,,1,,,1,20,1,,,,,,,,,,,,,,20,,,,,,,15,,,,,,,,,,,,,,
14209,0,0,,1,,,1,20,1,,,,,,,,,,,,,,20,,,,,,,,,,,,,10,,,,,,,,
14210,0,0,,1,,,1,20,1,,,,,,,,,,,,,,20,,,,,,,,,,,,,,10,,,,,,,
14211,0,0,,1,,,1,20,1,,,,,,,,,,,,,,20,,,,,,,,,,,,,,,,,10,,,,
14212,0,0,,1,,,1,20,1,,,,,,,,,,,,,,,15,15,,,,,,,,,,,,,,,,,,,
14213,0,0,,1,,,1,20,1,,,,,,,,,,,,,,,15,,15,,,,,,,,,,,,,,,,,,
14214,0,0,,1,,,1,20,1,,,,,,,,,,,,,,,15,,,,,5,,,,,,,,,,,,,,,
14215,0,0,,1,,,1,20,1,,,,,,,,,,,,,,,15,,,,,,15,,,,,,,,,,,,,,
14216,0,0,,1,,,1,20,1,,,,,,,,,,,,,,,15,,,,,,,,,,,,10,,,,,,,,
14217,0,0,,1,,,1,20,1,,,,,,,,,,,,,,,15,,,,,,,,,,,,,10,,,,,,,
14218,0,0,,1,,,1,20,1,,,,,,,,,,,,,,,15,,,,,,,,,,,,,,,,10,,,,
14219,0,0,,1,,,1,20,1,,,,,,,,,,,,,,,,15,15,,,,,,,,,,,,,,,,,,
14220,0,0,,1,,,1,20,1,,,,,,,,,,,,,,,,15,,,,5,,,,,,,,,,,,,,,
14221,0,0,,1,,,1,20,1,,,,,,,,,,,,,,,,15,,,,,15,,,,,,,,,,,,,,
14222,0,0,,1,,,1,20,1,,,,,,,,,,,,,,,,15,,,,,,,,,,,10,,,,,,,,
14223,0,0,,1,,,1,20,1,,,,,,,,,,,,,,,,15,,,,,,,,,,,,10,,,,,,,
14224,0,0,,1,,,1,20,1,,,,,,,,,,,,,,,,15,,,,,,,,,,,,,,,10,,,,
14225,0,0,,1,,,1,20,1,,,,,,,,,,,,,,,,,15,,,5,,,,,,,,,,,,,,,
14226,0,0,,1,,,1,20,1,,,,,,,,,,,,,,,,,15,,,,15,,,,,,,,,,,,,,
14227,0,0,,1,,,1,20,1,,,,,,,,,,,,,,,,,15,,,,,,,,,,10,,,,,,,,
14228,0,0,,1,,,1,20,1,,,,,,,,,,,,,,,,,15,,,,,,,,,,,10,,,,,,,
14229,0,0,,1,,,1,20,1,,,,,,,,,,,,,,,,,15,,,,,,,,,,,,,,10,,,,
14230,0,0,,1,,,1,20,1,,,,,,,,,,,,,,,,,,,,5,15,,,,,,,,,,,,,,
14231,0,0,,1,,,1,20,1,,,,,,,,,,,,,,,,,,,,5,,,,,,,10,,,,,,,,
14232,0,0,,1,,,1,20,1,,,,,,,,,,,,,,,,,,,,5,,,,,,,,10,,,,,,,
14233,0,0,,1,,,1,20,1,,,,,,,,,,,,,,,,,,,,5,,,,,,,,,,,10,,,,
14234,0,0,,1,,,1,20,1,,,,,,,,,,,,,,,,,,,,,15,,,,,,10,,,,,,,,
14235,0,0,,1,,,1,20,1,,,,,,,,,,,,,,,,,,,,,15,,,,,,,10,,,,,,,
14236,0,0,,1,,,1,20,1,,,,,,,,,,,,,,,,,,,,,15,,,,,,,,,,10,,,,
14237,0,0,,1,,,1,20,1,,,,,,,,,,,,,,,,,,,,,,,,,,,10,10,,,,,,,
14238,0,0,,1,,,1,20,1,,,,,,,,,,,,,,,,,,,,,,,,,,,10,,,,10,,,,
14239,0,0,,1,,,1,20,1,,,,,,,,,,,,,,,,,,,,,,,,,,,,10,,,10,,,,
14240,0,0,,1,,,1,20,1,1.1,,,,,,,,,,,,,,,,,2,,,,,,,,,,,,,,,,,
14241,0,0,,1,,,1,20,1,,1.1,,,,,,,,,,,,,,,,2,,,,,,,,,,,,,,,,,
14242,0,0,,1,,,1,20,1,,,1.1,,,,,,,,,,,,,,,2,,,,,,,,,,,,,,,,,
14243,0,0,,1,,,1,20,1,,,,1.1,,,,,,,,,,,,,,2,,,,,,,,,,,,,,,,,
14244,0,0,,1,,,1,20,1,,,,,1.1,,,,,,,,,,,,,2,,,,,,,,,,,,,,,,,
14245,0,0,,1,,,1,20,1,,,,,,15,,,,,,,,,,,,2,,,,,,,,,,,,,,,,,
14246,0,0,,1,,,1,20,1,,,,,,,15,,,,,,,,,,,2,,,,,,,,,,,,,,,,,
14247,0,0,,1,,,1,20,1,,,,,,,,15,,,,,,,,,,2,,,,,,,,,,,,,,,,,
14248,0,0,,1,,,1,20,1,,,,,,,,,15,,,,,,,,,2,,,,,,,,,,,,,,,,,
14249,0,0,,1,,,1,20,1,,,,,,,,,,15,,,,,,,,2,,,,,,,,,,,,,,,,,
14250,0,0,,1,,,1,20,1,,,,,,,,,,,15,,,,,,,2,,,,,,,,,,,,,,,,,
14251,0,0,,1,,,1,20,1,,,,,,,,,,,,20,,,,,,2,,,,,,,,,,,,,,,,,
14252,0,0,,1,,,1,20,1,,,,,,,,,,,,,20,,,,,2,,,,,,,,,,,,,,,,,
14253,0,0,,1,,,1,20,1,,,,,,,,,,,,,,20,,,,2,,,,,,,,,,,,,,,,,
14254,0,0,,1,,,1,20,1,,,,,,,,,,,,,,,15,,,2,,,,,,,,,,,,,,,,,
14255,0,0,,1,,,1,20,1,,,,,,,,,,,,,,,,,,2,10,,,,,,,,,,,,,,,,
14256,0,0,,1,,,1,20,1,,,,,,,,,,,,,,,,15,,2,,,,,,,,,,,,,,,,,
14257,0,0,,1,,,1,20,1,,,,,,,,,,,,,,,,,15,2,,,,,,,,,,,,,,,,,
14258,0,0,,1,,,1,20,1,,,,,,,,,,,,,,,,,,2,,5,,,,,,,,,,,,,,,
14259,0,0,,1,,,1,20,1,,,,,,,,,,,,,,,,,,2,,,15,,,,,,,,,,,,,,
14260,0,0,,1,,,1,20,1,,,,,,,,,,,,,,,,,,2,,,,,,,,,10,,,,,,,,
14261,0,0,,1,,,1,20,1,,,,,,,,,,,,,,,,,,2,,,,,,,,,,10,,,,,,,
14262,0,0,,1,,,1,20,1,,,,,,,,,,,,,,,,,,2,,,,,,,,,,,,,10,,,,
14263,0,0,,1,,,1,20,1,1.1,,,,,,,,,,,,,,,,,,10,,,,,,,,,,,,,,,,
14264,0,0,,1,,,1,20,1,,1.1,,,,,,,,,,,,,,,,,10,,,,,,,,,,,,,,,,
14265,0,0,,1,,,1,20,1,,,1.1,,,,,,,,,,,,,,,,10,,,,,,,,,,,,,,,,
14266,0,0,,1,,,1,20,1,,,,1.1,,,,,,,,,,,,,,,10,,,,,,,,,,,,,,,,
14267,0,0,,1,,,1,20,1,,,,,1.1,,,,,,,,,,,,,,10,,,,,,,,,,,,,,,,
14268,0,0,,1,,,1,20,1,,,,,,15,,,,,,,,,,,,,10,,,,,,,,,,,,,,,,
14269,0,0,,1,,,1,20,1,,,,,,,15,,,,,,,,,,,,10,,,,,,,,,,,,,,,,
14270,0,0,,1,,,1,20,1,,,,,,,,15,,,,,,,,,,,10,,,,,,,,,,,,,,,,
14271,0,0,,1,,,1,20,1,,,,,,,,,15,,,,,,,,,,10,,,,,,,,,,,,,,,,
14272,0,0,,1,,,1,20,1,,,,,,,,,,15,,,,,,,,,10,,,,,,,,,,,,,,,,
14273,0,0,,1,,,1,20,1,,,,,,,,,,,15,,,,,,,,10,,,,,,,,,,,,,,,,
14274,0,0,,1,,,1,20,1,,,,,,,,,,,,20,,,,,,,10,,,,,,,,,,,,,,,,
14275,0,0,,1,,,1,20,1,,,,,,,,,,,,,20,,,,,,10,,,,,,,,,,,,,,,,
14276,0,0,,1,,,1,20,1,,,,,,,,,,,,,,20,,,,,10,,,,,,,,,,,,,,,,
14277,0,0,,1,,,1,20,1,,,,,,,,,,,,,,,15,,,,10,,,,,,,,,,,,,,,,
14278,0,0,,1,,,1,20,1,,,,,,,,,,,,,,,,,,2,10,,,,,,,,,,,,,,,,
14279,0,0,,1,,,1,20,1,,,,,,,,,,,,,,,,15,,,10,,,,,,,,,,,,,,,,
14280,0,0,,1,,,1,20,1,,,,,,,,,,,,,,,,,15,,10,,,,,,,,,,,,,,,,
14281,0,0,,1,,,1,20,1,,,,,,,,,,,,,,,,,,,10,5,,,,,,,,,,,,,,,
14282,0,0,,1,,,1,20,1,,,,,,,,,,,,,,,,,,,10,,15,,,,,,,,,,,,,,
14283,0,0,,1,,,1,20,1,,,,,,,,,,,,,,,,,,,10,,,,,,,,10,,,,,,,,
14284,0,0,,1,,,1,20,1,,,,,,,,,,,,,,,,,,,10,,,,,,,,,10,,,,,,,
14285,0,0,,1,,,1,20,1,,,,,,,,,,,,,,,,,,,10,,,,,,,,,,,,10,,,,
